year,항목,소계,수도권,충청권,호남권,대경권,동남권,강원권,1인,2인,3인,4인이상,남성,여성,20대,30대,40대,50대,60대이상,200만원미만,200~400만원미만,400~600만원미만,600만원이상
2018,즉석밥류_없음,23.1,13.7,33.7,38.8,48.6,18.0,21.1,16.1,35.5,22.5,18.6,24.7,19.0,4.8,8.8,14.6,26.6,44.7,41.3,21.6,20.1,13.7
2018,즉석밥류_있음,76.9,86.3,66.3,61.2,51.4,82.0,78.9,83.9,64.5,77.5,81.4,75.3,81.0,95.2,91.2,85.4,73.4,55.3,58.7,78.4,79.9,86.3
2018,즉석밥류_매우감소,4.0,1.1,4.9,6.6,9.4,9.0,6.4,3.9,3.9,4.2,6.9,4.4,2.9,1.2,1.2,3.3,5.8,7.3,6.2,4.2,3.8,2.1
2018,즉석밥류_약간감소,10.6,9.7,11.8,15.7,11.3,10.7,6.8,8.6,14.4,12.4,11.2,11.6,8.3,10.4,8.0,8.3,10.2,18.5,12.0,12.6,8.6,8.1
2018,즉석밥류_비슷,59.1,61.3,66.3,65.0,58.9,44.7,60.3,55.3,63.4,54.9,58.8,58.3,61.1,48.9,53.7,57.0,64.4,67.3,63.7,56.0,59.9,63.8
2018,즉석밥류_약간증가,25.8,28.0,16.3,11.8,19.0,33.8,25.6,31.4,18.3,28.2,20.6,25.1,27.2,39.0,36.2,31.0,19.0,7.0,17.2,26.7,27.3,25.5
2018,즉석밥류_매우증가,0.6,0.0,0.6,0.9,1.4,1.8,0.9,0.7,0.0,0.2,2.5,0.6,0.5,0.5,1.0,0.5,0.7,0.0,0.8,0.6,0.4,0.4
2018,즉석밥류_평균,3.08,3.16,2.96,2.85,2.92,3.09,3.08,3.16,2.96,3.08,3.0,3.06,3.14,3.27,3.28,3.17,2.99,2.74,2.94,3.1,3.1,3.14
2018,즉석떡볶이/면류_없음,6.4,3.3,0.3,9.6,28.3,4.5,4.5,4.7,8.6,5.9,3.4,7.4,4.1,1.8,3.0,4.4,6.8,12.4,12.3,5.5,5.4,5.3
2018,즉석떡볶이/면류_있음,93.6,96.7,99.7,90.4,71.7,95.5,95.5,95.3,91.4,94.1,96.6,92.6,95.9,98.2,97.0,95.6,93.2,87.6,87.7,94.5,94.6,94.7
2018,즉석떡볶이/면류_매우감소,2.5,0.9,2.5,2.0,4.8,6.0,5.4,2.5,1.9,2.9,3.8,2.5,2.3,2.3,1.3,0.8,3.9,3.7,4.6,1.8,2.6,2.0
2018,즉석떡볶이/면류_약간감소,10.9,8.6,15.7,10.7,10.9,15.6,6.9,8.7,13.0,11.6,16.0,11.5,9.2,7.6,6.8,10.6,12.5,13.8,11.9,11.1,10.2,10.8
2018,즉석떡볶이/면류_비슷,58.6,59.3,59.1,56.4,63.7,53.7,66.9,63.9,63.2,56.9,43.2,55.8,65.4,63.2,56.8,59.2,51.4,66.3,65.8,59.8,57.4,48.9
2018,즉석떡볶이/면류_약간증가,27.5,31.3,22.3,27.7,20.1,23.9,20.1,24.1,21.8,28.2,34.9,29.4,22.9,24.9,34.6,29.0,31.4,15.9,16.5,26.8,29.2,37.9
2018,즉석떡볶이/면류_매우증가,0.6,0.0,0.4,3.2,0.5,0.9,0.7,0.8,0.2,0.4,2.1,0.8,0.2,2.0,0.6,0.3,0.7,0.3,1.1,0.6,0.5,0.4
2018,즉석떡볶이/면류_평균,3.13,3.21,3.02,3.19,3.01,2.98,3.04,3.12,3.05,3.11,3.2,3.14,3.1,3.17,3.26,3.17,3.12,2.95,2.98,3.1,3.1,3.24
2018,죽/스프류_없음,35.4,24.9,55.5,55.2,52.6,29.2,37.5,36.8,37.4,34.2,31.8,36.4,33.1,36.0,26.1,32.4,37.2,43.7,50.4,34.9,31.6,29.9
2018,죽/스프류_있음,64.6,75.1,44.5,44.8,47.4,70.8,62.5,63.2,62.6,65.8,68.2,63.6,66.9,64.0,73.9,67.6,62.8,56.3,49.6,65.1,68.4,70.1
2018,죽/스프류_매우감소,10.0,6.2,11.6,13.4,13.6,18.7,9.9,14.1,8.6,7.5,11.6,9.6,10.8,18.1,10.3,8.6,10.3,8.0,13.6,11.4,9.9,1.7
2018,죽/스프류_약간감소,20.1,21.7,27.7,23.7,17.4,12.9,8.1,19.4,18.0,23.2,18.2,19.4,21.7,20.7,17.9,24.6,18.1,18.9,21.6,17.2,24.5,14.2
2018,죽/스프류_비슷,58.5,62.4,53.5,44.3,67.3,48.4,70.4,54.4,66.4,57.4,56.4,59.3,56.8,55.8,59.6,51.0,60.4,65.7,54.1,59.8,54.8,70.5
2018,죽/스프류_약간증가,11.0,9.5,7.3,18.5,1.7,18.2,11.6,11.9,6.7,11.7,13.2,11.2,10.5,5.4,12.0,14.8,11.1,7.0,9.7,11.2,10.4,13.6
2018,죽/스프류_매우증가,0.4,0.2,0.0,0.0,0.0,1.8,0.0,0.2,0.3,0.2,0.6,0.6,0.2,0.0,0.2,1.1,0.2,0.4,1.1,0.4,0.4,0.0
2018,죽/스프류_평균,2.72,2.76,2.56,2.68,2.57,2.72,2.84,2.65,2.72,2.74,2.7,2.74,2.67,2.48,2.74,2.75,2.73,2.73,2.63,2.7,2.7,2.96
2018,육류_없음,14.9,9.6,9.2,28.0,33.4,13.5,19.7,16.0,18.3,14.2,13.6,14.6,15.6,11.0,10.5,9.9,14.8,24.8,27.0,16.0,10.9,7.5
2018,육류_있음,85.1,90.4,90.8,72.0,66.6,86.5,80.3,84.0,81.7,85.8,86.4,85.4,84.4,89.0,89.5,90.1,85.2,75.2,73.0,84.0,89.2,92.5
2018,육류_매우감소,2.8,1.2,3.8,4.3,4.2,4.8,6.7,3.0,4.2,1.6,1.2,3.1,2.0,3.6,2.2,2.4,2.5,3.7,3.8,3.5,2.4,0.4
2018,육류_약간감소,15.2,11.0,24.8,20.1,20.3,18.1,7.1,19.2,14.6,13.8,12.7,14.0,18.1,15.4,15.9,14.5,14.9,15.7,22.6,14.8,13.8,13.9
2018,육류_비슷,61.9,68.3,59.3,52.7,54.0,50.6,69.8,56.7,67.6,64.7,55.3,61.8,62.2,57.5,58.9,59.2,62.9,68.3,55.6,62.1,61.7,68.0
2018,육류_약간증가,19.5,19.3,12.1,19.3,21.5,25.1,15.5,20.7,13.3,18.9,30.3,20.4,17.1,23.4,21.9,22.8,19.0,12.2,17.1,18.8,21.8,16.9
2018,육류_매우증가,0.7,0.2,0.0,3.6,0.0,1.3,0.8,0.3,0.4,1.0,0.5,0.7,0.6,0.0,1.0,1.1,0.7,0.0,0.9,0.8,0.4,0.8
2018,육류_평균,3.0,3.06,2.8,2.98,2.93,3.0,2.97,2.96,2.91,3.04,3.2,3.02,2.96,3.01,3.03,3.06,3.0,2.89,2.89,3.0,3.0,3.04
2018,수산물_없음,34.6,22.1,54.0,55.1,47.9,36.1,40.8,34.3,40.6,32.4,34.5,36.0,31.1,31.7,27.2,29.9,34.8,45.8,50.8,36.9,27.8,25.3
2018,수산물_있음,65.4,77.9,46.0,44.9,52.1,63.9,59.2,65.7,59.4,67.6,65.5,64.0,68.9,68.3,72.8,70.1,65.2,54.2,49.2,63.1,72.2,74.7
2018,수산물_매우감소,4.7,2.6,15.4,6.4,3.1,6.7,7.9,5.4,6.4,2.6,2.8,4.7,4.5,6.7,3.2,4.5,2.7,8.2,6.7,5.5,3.6,3.8
2018,수산물_약간감소,19.7,17.6,24.5,25.1,31.6,18.3,7.7,23.2,21.3,16.1,25.0,18.8,21.6,19.5,17.6,19.9,20.5,20.3,22.2,21.0,17.7,20.2
2018,수산물_비슷,60.1,62.5,54.2,58.4,58.2,53.9,71.1,59.7,59.4,67.1,56.2,58.6,63.7,61.6,64.8,56.3,60.0,60.1,58.9,58.8,60.6,64.1
2018,수산물_약간증가,15.3,17.3,5.9,9.2,7.0,20.1,13.4,11.7,12.9,13.7,15.8,17.6,10.1,12.2,14.1,18.9,16.4,11.4,12.1,14.4,17.8,11.9
2018,수산물_매우증가,0.2,0.0,0.0,0.9,0.0,1.1,0.0,0.0,0.0,0.5,0.2,0.3,0.0,0.0,0.2,0.4,0.3,0.0,0.0,0.3,0.3,0.0
2018,수산물_평균,2.87,2.94,2.5,2.73,2.69,2.91,2.9,2.78,2.79,2.93,2.9,2.9,2.79,2.79,2.9,2.91,2.91,2.75,2.76,2.8,2.9,2.84
2018,만두/피자류_없음,6.1,3.1,7.9,8.8,13.5,6.0,15.2,8.0,8.9,4.4,1.4,5.5,7.6,2.3,3.9,4.1,5.8,11.5,14.9,5.4,4.6,1.8
2018,만두/피자류_있음,93.9,96.9,92.1,91.2,86.5,94.0,84.8,92.0,91.1,95.6,98.6,94.5,92.4,97.7,96.1,95.9,94.2,88.5,85.1,94.6,95.4,98.2
2018,만두/피자류_매우감소,2.9,0.8,4.5,3.8,4.7,6.5,5.5,3.1,5.1,1.5,7.0,3.1,2.3,1.8,1.7,1.8,3.4,5.0,6.1,2.6,2.8,0.8
2018,만두/피자류_약간감소,12.0,8.1,18.5,13.9,10.4,19.9,11.4,13.1,13.5,11.1,14.9,12.1,11.8,6.9,10.5,9.4,13.7,16.0,15.2,12.8,10.4,10.3
2018,만두/피자류_비슷,58.1,58.0,59.7,60.1,67.1,48.4,68.6,60.2,63.3,56.3,47.3,55.4,64.7,56.3,56.7,55.8,55.3,65.6,62.8,61.5,52.3,57.9
2018,만두/피자류_약간증가,26.3,32.5,17.3,19.3,17.8,24.3,13.7,22.6,17.8,30.4,30.3,28.5,20.7,33.9,29.8,32.1,27.2,13.0,14.8,22.1,34.2,30.2
2018,만두/피자류_매우증가,0.7,0.5,0.0,3.0,0.0,0.8,0.8,1.0,0.3,0.6,0.6,0.8,0.5,1.2,1.3,0.9,0.3,0.4,1.1,1.0,0.4,0.8
2018,만두/피자류_평균,3.1,3.24,2.9,3.04,2.98,2.93,2.93,3.05,2.95,3.18,3.0,3.12,3.05,3.26,3.18,3.21,3.07,2.88,2.9,3.1,3.2,3.2
2019,즉석밥류_없음,11.5,8.5,6.1,19.1,20.5,11.7,21.4,7.5,12.7,12.9,15.0,12.2,9.8,2.7,5.6,12.5,19.1,38.5,12.2,11.6,10.6,11.6
2019,즉석밥류_있음,88.5,91.5,93.9,80.9,79.5,88.3,78.6,92.5,87.3,87.1,85.0,87.8,90.2,97.3,94.4,87.5,80.9,61.5,87.8,88.4,89.4,88.4
2019,즉석밥류_매우감소,6.1,3.7,5.1,4.5,2.1,18.8,2.7,3.8,8.1,6.8,7.6,5.7,7.0,7.0,3.7,7.0,8.8,8.9,4.6,6.8,6.6,5.0
2019,즉석밥류_약간감소,12.4,11.4,16.9,12.3,7.3,15.7,9.2,8.3,13.2,16.1,8.7,13.4,9.9,11.2,12.3,11.9,13.0,17.4,12.6,8.6,15.6,13.2
2019,즉석밥류_비슷,57.6,58.9,62.0,55.8,60.7,46.9,70.4,56.4,57.9,56.6,61.6,56.9,59.0,53.3,56.3,60.1,59.2,61.8,58.1,53.9,61.7,58.9
2019,즉석밥류_약간증가,23.1,25.4,14.1,24.0,29.9,18.6,17.7,31.1,19.0,19.7,21.8,22.7,24.0,27.0,26.6,20.2,19.0,11.9,24.6,28.6,15.0,22.9
2019,즉석밥류_매우증가,0.9,0.6,1.9,3.3,0.0,0.0,0.0,0.4,1.8,0.8,0.4,1.2,0.0,1.4,1.1,0.8,0.0,0.0,0.0,2.1,1.0,0.0
2019,즉석밥류_평균,3.0,3.08,2.91,3.09,3.18,2.65,3.03,3.16,2.93,2.92,3.0,3.0,3.0,3.05,3.09,2.96,2.88,2.77,3.03,3.1,2.9,3.0
2019,즉석떡볶이/면류_없음,2.7,0.8,0.7,5.1,6.0,6.2,2.8,2.8,3.1,2.3,6.0,2.3,3.6,1.9,1.3,2.9,3.8,8.1,3.8,3.6,1.2,2.0
2019,즉석떡볶이/면류_있음,97.3,99.2,99.3,94.9,94.0,93.8,97.2,97.2,96.9,97.7,94.0,97.7,96.4,98.1,98.7,97.1,96.2,91.9,96.2,96.4,98.8,98.0
2019,즉석떡볶이/면류_매우감소,1.7,1.6,1.0,2.2,1.7,2.3,1.9,2.7,1.5,1.9,1.6,1.4,2.7,0.9,1.7,0.8,2.8,4.7,4.4,1.8,0.6,0.6
2019,즉석떡볶이/면류_약간감소,13.2,14.0,13.4,10.3,16.7,11.5,6.3,9.1,14.3,14.2,18.0,13.3,13.0,7.1,11.8,15.0,16.5,18.1,11.1,10.8,16.6,14.6
2019,즉석떡볶이/면류_비슷,53.6,56.0,39.9,55.4,44.9,58.7,59.8,51.0,56.3,54.9,52.2,54.5,51.5,50.6,54.8,50.1,57.2,58.0,48.5,54.1,57.6,52.7
2019,즉석떡볶이/면류_약간증가,30.5,27.2,45.6,29.5,36.2,27.1,31.4,36.6,25.9,28.7,25.6,29.8,32.1,40.0,30.8,32.7,23.1,19.1,35.8,32.0,24.5,30.7
2019,즉석떡볶이/면류_매우증가,0.9,1.1,0.0,2.6,0.5,0.3,0.6,0.6,1.9,0.5,2.7,1.1,0.7,1.5,0.8,1.4,0.4,0.1,0.3,1.3,0.6,1.3
2019,즉석떡볶이/면류_평균,3.16,3.12,3.3,3.2,3.17,3.12,3.23,3.23,3.12,3.12,3.1,3.16,3.15,3.34,3.17,3.19,3.02,2.92,3.16,3.2,3.1,3.17
2019,죽/스프류_없음,24.3,16.9,13.3,38.9,26.2,42.0,35.9,28.7,21.6,21.5,21.6,23.9,25.3,20.4,23.2,23.4,27.1,35.1,27.0,27.4,21.6,20.2
2019,죽/스프류_있음,75.7,83.1,86.7,61.1,73.8,58.0,64.1,71.3,78.4,78.5,78.4,76.1,74.7,79.6,76.8,76.6,72.9,64.9,73.0,72.6,78.4,79.8
2019,죽/스프류_매우감소,12.5,10.5,6.3,15.4,6.7,30.7,13.1,13.8,12.2,9.9,15.6,11.5,14.9,12.0,11.7,13.1,13.3,14.1,12.8,11.6,12.9,12.6
2019,죽/스프류_약간감소,24.2,24.7,26.1,28.2,17.9,21.7,26.0,24.8,24.1,22.1,21.0,24.3,24.2,22.8,24.1,21.9,27.9,28.3,23.7,23.4,30.8,19.1
2019,죽/스프류_비슷,51.4,50.5,56.9,47.2,64.6,40.8,57.0,48.6,52.0,56.9,49.7,52.1,49.8,55.5,48.8,55.5,48.2,48.0,52.6,52.9,46.8,52.8
2019,죽/스프류_약간증가,11.0,12.8,10.8,9.2,9.7,6.8,3.9,12.9,9.4,10.3,13.3,11.0,10.8,9.1,13.6,9.5,9.7,9.3,10.8,11.2,9.5,13.1
2019,죽/스프류_매우증가,0.9,1.5,0.0,0.0,1.0,0.0,0.0,0.0,2.3,0.8,0.3,1.1,0.3,0.7,1.7,0.0,0.8,0.3,0.1,0.9,0.0,2.3
2019,죽/스프류_평균,2.64,2.7,2.72,2.5,2.8,2.24,2.52,2.61,2.66,2.7,2.6,2.66,2.58,2.64,2.7,2.61,2.57,2.53,2.62,2.7,2.5,2.73
2019,육류_없음,8.0,6.3,5.5,12.4,4.1,14.0,11.2,10.8,6.8,8.3,4.8,7.1,10.2,6.4,5.8,7.5,10.0,21.0,11.4,10.0,7.0,3.9
2019,육류_있음,92.0,93.7,94.5,87.6,95.9,86.0,88.8,89.2,93.2,91.7,95.2,92.9,89.8,93.6,94.2,92.5,90.0,79.0,88.6,90.0,93.1,96.1
2019,육류_매우감소,5.4,4.9,2.6,5.9,1.7,11.9,5.6,6.1,5.6,4.2,5.0,5.4,5.4,4.4,4.9,5.6,6.4,7.3,5.7,7.8,4.4,2.8
2019,육류_약간감소,17.8,17.7,21.7,18.4,13.0,20.3,7.2,17.4,22.7,14.3,11.9,16.4,21.4,16.9,16.3,16.8,21.4,23.8,19.1,17.0,19.4,15.6
2019,육류_비슷,57.1,61.5,53.0,54.4,50.1,49.4,69.1,57.9,55.9,59.0,55.1,56.5,58.5,61.6,56.0,58.3,54.2,56.4,54.5,57.2,54.5,62.0
2019,육류_약간증가,19.3,15.3,22.7,21.3,34.5,18.4,18.1,18.6,15.0,22.2,27.8,21.3,14.5,17.1,22.4,19.2,17.3,11.0,20.5,17.8,21.6,18.4
2019,육류_매우증가,0.4,0.6,0.0,0.1,0.6,0.0,0.0,0.1,0.8,0.3,0.2,0.5,0.1,0.0,0.5,0.0,0.8,1.5,0.3,0.1,0.0,1.2
2019,육류_평균,2.91,2.89,2.96,2.91,3.19,2.74,3.0,2.89,2.83,3.0,3.1,2.95,2.83,2.91,2.97,2.91,2.85,2.75,2.91,2.8,2.9,2.99
2019,수산물_없음,26.7,18.8,16.8,37.1,30.2,44.8,49.5,32.3,23.5,24.1,25.0,25.1,30.5,25.6,25.6,24.1,29.4,38.8,30.6,29.2,24.8,21.5
2019,수산물_있음,73.3,81.2,83.2,62.9,69.8,55.2,50.5,67.7,76.5,75.9,75.0,74.9,69.5,74.4,74.4,75.9,70.6,61.2,69.4,70.8,75.2,78.5
2019,수산물_매우감소,10.6,9.2,12.7,17.4,5.7,11.5,18.7,11.7,9.2,11.9,7.0,11.5,8.3,9.2,12.3,9.1,10.6,10.3,13.0,11.4,9.6,7.9
2019,수산물_약간감소,25.3,24.2,26.9,30.9,21.6,27.8,20.4,25.6,25.0,26.1,35.4,25.7,24.2,30.0,24.6,26.1,22.0,24.8,18.1,30.2,26.9,24.7
2019,수산물_비슷,51.6,53.1,47.0,43.3,61.9,48.4,48.7,51.3,55.4,46.1,49.8,49.7,56.5,50.5,50.8,51.7,53.9,51.9,55.4,47.8,55.1,50.5
2019,수산물_약간증가,12.4,13.4,13.4,8.1,10.0,12.3,12.2,11.4,10.3,15.7,7.8,13.0,11.0,10.3,12.4,12.9,13.5,12.7,13.4,10.4,8.4,16.9
2019,수산물_매우증가,0.1,0.0,0.0,0.2,0.7,0.0,0.0,0.0,0.0,0.3,0.0,0.1,0.0,0.0,0.0,0.2,0.0,0.4,0.1,0.2,0.0,0.0
2019,수산물_평균,2.66,2.71,2.61,2.43,2.78,2.61,2.54,2.62,2.67,2.67,2.6,2.65,2.7,2.62,2.63,2.69,2.7,2.68,2.69,2.6,2.6,2.77
2019,만두/피자류_없음,2.8,2.0,2.6,2.9,4.2,4.0,6.0,3.6,2.4,3.0,1.1,2.4,3.9,1.0,1.8,2.7,4.0,9.7,4.8,2.8,2.4,2.1
2019,만두/피자류_있음,97.2,98.0,97.4,97.1,95.8,96.0,94.0,96.4,97.6,97.0,98.9,97.6,96.1,99.0,98.2,97.3,96.0,90.3,95.2,97.2,97.6,97.9
2019,만두/피자류_매우감소,2.6,3.1,1.7,2.8,1.3,1.8,4.7,2.8,4.6,0.6,1.2,2.7,2.5,2.2,2.0,2.2,3.6,6.0,3.6,3.6,2.2,0.9
2019,만두/피자류_약간감소,15.3,15.3,10.1,20.7,10.5,19.3,10.3,16.2,14.4,13.9,11.4,12.8,21.3,12.6,14.2,14.9,18.8,19.3,19.9,14.9,13.6,13.4
2019,만두/피자류_비슷,54.2,56.5,59.6,44.0,57.5,47.4,60.0,52.9,52.9,59.5,43.9,56.3,49.2,52.9,52.7,54.2,57.5,56.7,53.5,51.0,52.4,59.9
2019,만두/피자류_약간증가,27.3,24.6,28.6,31.9,29.4,31.3,23.9,26.9,27.7,25.7,40.4,27.8,26.2,29.5,30.9,28.4,20.0,17.6,22.9,29.0,31.8,25.4
2019,만두/피자류_매우증가,0.6,0.6,0.0,0.7,1.3,0.3,1.2,1.1,0.4,0.2,3.1,0.4,0.9,2.8,0.2,0.3,0.0,0.4,0.1,1.6,0.0,0.4
2019,만두/피자류_평균,3.08,3.04,3.15,3.07,3.19,3.09,3.07,3.07,3.05,3.11,3.3,3.1,3.02,3.18,3.13,3.1,2.94,2.87,2.96,3.1,3.1,3.11
2020,즉석밥류_없음,10.1,6.1,6.4,16.6,15.4,14.2,29.8,6.8,12.0,11.4,8.4,11.5,7.0,3.2,5.0,11.3,15.6,29.3,12.1,7.0,11.7,11.0
2020,즉석밥류_있음,89.9,93.9,93.6,83.4,84.6,85.8,70.2,93.2,88.0,88.6,91.6,88.5,93.0,96.8,95.0,88.7,84.4,70.7,87.9,93.0,88.3,89.0
2020,즉석밥류_매우감소,3.2,0.8,0.7,8.5,1.3,11.3,3.8,3.0,1.8,4.2,2.2,2.9,3.9,5.2,0.8,4.5,4.7,3.4,3.8,3.1,3.4,3.9
2020,즉석밥류_약간감소,9.3,7.7,5.6,6.8,10.2,17.6,18.3,6.9,15.3,6.8,5.1,8.6,10.9,11.0,7.4,8.7,11.2,14.2,8.2,9.2,9.8,8.2
2020,즉석밥류_비슷,51.4,45.3,61.2,61.9,70.6,42.5,73.5,50.2,48.4,56.8,57.4,53.9,46.1,38.8,51.1,51.9,56.3,68.2,51.8,50.0,52.7,54.9
2020,즉석밥류_약간증가,35.6,45.6,31.8,22.3,17.9,28.6,4.3,39.8,34.4,31.5,32.0,34.0,39.1,44.9,40.7,33.4,27.8,14.1,36.2,37.6,33.8,32.1
2020,즉석밥류_매우증가,0.4,0.5,0.6,0.5,0.0,0.0,0.0,0.2,0.2,0.6,3.2,0.5,0.0,0.0,0.0,1.5,0.0,0.0,0.0,0.2,0.2,1.0
2020,즉석밥류_평균,3.21,3.37,3.26,2.99,3.05,2.88,2.78,3.27,3.16,3.18,3.3,3.21,3.2,3.23,3.32,3.19,3.07,2.93,3.2,3.2,3.2,3.18
2020,즉석떡볶이/면류_없음,1.7,0.9,0.7,2.0,3.5,3.7,0.5,2.2,2.3,1.5,0.2,1.3,2.4,1.1,1.7,0.6,2.2,5.1,3.2,1.6,1.8,0.3
2020,즉석떡볶이/면류_있음,98.3,99.1,99.3,98.0,96.5,96.3,99.5,97.8,97.7,98.5,99.8,98.7,97.6,98.9,98.3,99.4,97.8,94.9,96.8,98.4,98.2,99.7
2020,즉석떡볶이/면류_매우감소,1.8,0.6,1.7,2.5,4.0,3.4,3.5,1.4,2.2,2.0,0.8,1.9,1.6,3.0,1.0,1.6,2.1,2.9,1.8,1.5,1.5,1.6
2020,즉석떡볶이/면류_약간감소,11.8,11.2,11.3,15.3,12.2,13.1,5.1,10.6,12.4,14.1,10.2,12.3,10.7,8.1,9.5,12.0,16.6,17.0,11.3,12.4,13.1,11.0
2020,즉석떡볶이/면류_비슷,41.1,38.0,32.8,31.2,51.7,48.8,84.9,37.1,44.1,40.3,40.6,42.1,38.6,31.2,39.7,42.5,44.8,51.4,41.2,40.7,40.2,43.4
2020,즉석떡볶이/면류_약간증가,44.2,48.8,53.6,49.0,31.9,34.0,6.4,49.2,40.6,42.3,48.1,42.9,47.3,55.5,49.0,42.6,35.6,27.9,45.8,44.0,43.5,43.4
2020,즉석떡볶이/면류_매우증가,1.1,1.3,0.7,2.1,0.3,0.7,0.0,1.7,0.7,1.3,0.3,0.8,1.8,2.1,0.7,1.3,1.0,0.7,0.0,1.5,1.6,0.6
2020,즉석떡볶이/면류_평균,3.31,3.39,3.4,3.33,3.12,3.15,2.94,3.39,3.25,3.27,3.4,3.28,3.37,3.46,3.39,3.3,3.17,3.07,3.31,3.3,3.3,3.3
2020,죽/스프류_없음,21.0,10.8,15.3,31.8,19.5,46.7,44.1,23.6,20.3,18.6,22.8,21.4,19.9,15.3,20.0,20.8,24.1,28.6,25.7,22.2,15.2,19.3
2020,죽/스프류_있음,79.0,89.2,84.7,68.2,80.5,53.3,55.9,76.4,79.7,81.4,77.2,78.6,80.1,84.7,80.0,79.2,75.9,71.4,74.3,77.8,84.8,80.7
2020,죽/스프류_매우감소,7.2,6.2,3.7,7.5,2.6,18.1,20.9,8.8,5.9,5.8,4.2,5.9,10.2,8.1,5.0,9.3,8.0,6.7,8.9,8.0,3.8,9.2
2020,죽/스프류_약간감소,21.8,21.0,17.6,21.8,22.4,33.2,8.6,18.4,20.8,26.7,20.1,22.4,20.4,22.0,19.3,23.0,24.2,23.5,18.4,20.6,23.5,26.0
2020,죽/스프류_비슷,53.0,48.3,64.9,59.9,66.2,43.8,64.5,55.8,54.7,44.6,66.2,53.3,52.5,47.1,57.3,50.6,51.8,56.4,56.9,56.2,49.8,47.8
2020,죽/스프류_약간증가,17.1,23.6,12.7,9.7,8.1,4.9,5.9,16.4,16.7,22.2,9.6,17.5,16.3,21.6,17.3,16.3,15.8,12.6,15.3,14.7,21.8,16.2
2020,죽/스프류_매우증가,0.8,1.0,1.1,1.1,0.7,0.0,0.0,0.6,2.0,0.8,0.0,1.0,0.6,1.2,1.1,0.7,0.3,0.8,0.6,0.4,1.0,0.8
2020,죽/스프류_평균,2.83,2.92,2.9,2.75,2.82,2.35,2.55,2.81,2.88,2.86,2.8,2.85,2.77,2.86,2.9,2.76,2.76,2.77,2.8,2.8,2.9,2.74
2020,육류_없음,5.5,3.5,9.1,12.8,1.3,4.7,17.5,5.9,6.0,4.7,2.8,5.6,5.4,3.2,3.5,5.2,7.2,16.4,6.8,5.8,4.4,5.4
2020,육류_있음,94.5,96.5,90.9,87.2,98.7,95.3,82.5,94.1,94.0,95.3,97.2,94.4,94.6,96.8,96.5,94.8,92.8,83.6,93.2,94.2,95.6,94.6
2020,육류_매우감소,3.7,3.2,4.0,4.5,1.1,5.9,6.1,5.1,4.1,2.3,1.4,2.9,5.6,3.9,1.3,4.1,6.5,6.2,5.2,3.4,3.8,2.4
2020,육류_약간감소,16.2,16.6,8.3,22.1,11.9,20.4,11.0,14.4,20.6,13.4,18.7,16.0,16.8,15.8,14.3,15.2,19.6,22.4,15.9,17.7,17.8,13.5
2020,육류_비슷,51.6,47.9,56.0,48.6,65.0,49.4,76.9,55.9,47.0,52.0,49.6,51.1,52.7,47.5,52.5,51.0,52.4,54.7,51.7,53.5,51.4,49.5
2020,육류_약간증가,27.1,30.1,30.3,23.7,22.0,24.3,5.1,23.2,24.9,32.0,27.4,28.9,23.0,30.2,30.4,27.9,21.0,16.2,25.9,24.3,25.2,34.1
2020,육류_매우증가,1.4,2.3,1.3,1.1,0.1,0.0,0.9,1.5,3.3,0.3,2.8,1.2,2.0,2.6,1.5,1.7,0.6,0.5,1.3,1.2,1.8,0.5
2020,육류_평균,3.06,3.12,3.17,2.95,3.08,2.92,2.84,3.02,3.03,3.15,3.1,3.1,2.99,3.12,3.16,3.08,2.9,2.82,3.02,3.0,3.0,3.17
2020,수산물_없음,18.4,10.6,20.6,24.7,16.7,32.2,53.3,22.0,19.7,15.6,16.4,17.4,20.9,20.8,14.7,15.2,23.0,31.9,24.6,18.4,13.5,15.8
2020,수산물_있음,81.6,89.4,79.4,75.3,83.3,67.8,46.7,78.0,80.3,84.4,83.6,82.6,79.1,79.2,85.3,84.8,77.0,68.1,75.4,81.6,86.5,84.2
2020,수산물_매우감소,7.0,4.4,2.2,11.8,2.1,19.6,24.5,7.6,6.4,6.6,7.0,6.5,8.2,7.0,6.2,7.0,8.2,7.9,9.5,5.9,7.6,6.8
2020,수산물_약간감소,17.0,17.0,14.9,14.9,14.5,22.1,16.0,17.4,15.3,20.1,8.4,16.9,17.2,19.5,14.0,18.0,17.5,23.4,17.7,17.4,14.4,16.1
2020,수산물_비슷,57.8,55.9,64.7,54.7,72.6,51.3,56.1,58.1,58.0,54.1,68.7,57.9,57.5,54.1,59.7,56.0,58.9,58.4,59.6,59.6,60.4,52.7
2020,수산물_약간증가,17.1,21.4,16.1,16.3,10.8,7.0,3.3,15.2,19.2,19.2,15.0,17.8,15.3,16.4,19.8,17.4,13.8,10.3,12.6,15.8,16.2,23.5
2020,수산물_매우증가,1.2,1.3,2.1,2.5,0.0,0.0,0.0,1.8,1.1,0.0,0.9,0.9,1.9,3.0,0.3,1.5,1.5,0.0,0.5,1.4,1.5,0.9
2020,수산물_평균,2.89,2.98,3.01,2.83,2.92,2.46,2.38,2.86,2.93,2.86,2.9,2.9,2.86,2.89,2.94,2.89,2.83,2.71,2.77,2.9,2.9,2.96
2020,만두/피자류_없음,1.8,0.5,2.5,4.6,1.0,1.3,14.7,2.2,1.6,1.4,0.8,1.8,1.7,0.0,1.4,1.3,2.6,6.0,2.6,1.4,0.6,2.6
2020,만두/피자류_있음,98.2,99.5,97.5,95.4,99.0,98.7,85.3,97.8,98.4,98.6,99.2,98.2,98.3,100.0,98.6,98.7,97.4,94.0,97.4,98.6,99.4,97.4
2020,만두/피자류_매우감소,2.7,1.3,2.4,3.4,3.1,6.5,4.3,3.9,2.5,2.3,1.2,2.1,4.0,8.5,0.6,2.3,2.8,3.2,5.0,2.0,1.2,3.0
2020,만두/피자류_약간감소,13.0,12.2,9.6,19.6,10.6,16.3,3.2,13.4,12.7,10.0,12.6,12.0,15.1,13.4,10.6,12.8,15.5,17.3,15.4,13.2,11.1,12.5
2020,만두/피자류_비슷,49.8,50.4,50.3,41.6,50.1,47.5,83.0,54.1,51.5,48.6,37.0,49.7,50.1,41.5,55.6,44.9,49.1,58.3,56.6,50.4,50.3,43.9
2020,만두/피자류_약간증가,33.2,34.8,36.6,32.0,36.1,28.6,9.5,27.1,32.6,36.5,48.3,34.9,29.3,34.3,32.2,38.6,31.2,20.9,22.4,32.8,36.0,39.8
2020,만두/피자류_매우증가,1.3,1.3,1.1,3.5,0.2,1.1,0.0,1.4,0.8,2.5,0.8,1.3,1.5,2.3,1.0,1.5,1.4,0.3,0.6,1.6,1.4,0.8
2020,만두/피자류_평균,3.18,3.23,3.24,3.13,3.2,3.01,2.98,3.09,3.16,3.27,3.4,3.21,3.09,3.09,3.22,3.24,3.13,2.98,2.98,3.2,3.2,3.23
2021,즉석밥류_없음,17.8,13.0,17.6,22.8,37.5,15.8,25.4,15.5,27.1,16.3,10.3,17.3,18.9,4.9,4.7,12.0,15.3,36.9,32.0,16.4,13.0,13.5
2021,즉석밥류_있음,82.2,87.0,82.4,77.2,62.5,84.2,74.6,84.5,72.9,83.7,89.7,82.7,81.1,95.1,95.3,88.0,84.7,63.1,68.0,83.6,87.0,86.5
2021,즉석밥류_매우감소,2.6,2.3,2.5,5.5,0.4,2.5,5.7,2.9,3.5,2.5,1.5,2.7,2.3,2.9,1.3,1.4,3.7,3.8,2.4,3.7,2.1,1.7
2021,즉석밥류_약간감소,12.2,14.0,3.9,16.0,4.4,13.6,11.7,11.8,14.8,9.3,12.6,11.7,13.3,8.1,11.7,10.5,12.2,16.5,13.0,13.1,11.7,10.9
2021,즉석밥류_비슷,56.0,47.8,71.4,50.8,77.3,62.8,72.8,48.4,60.6,58.6,56.8,59.5,48.2,43.4,52.9,60.8,54.3,61.0,54.0,53.6,60.1,55.5
2021,즉석밥류_약간증가,27.5,33.0,21.3,27.3,17.9,21.2,9.7,34.9,19.7,28.7,26.6,24.4,34.4,42.7,31.1,24.5,29.3,18.4,30.2,27.9,23.9,29.8
2021,즉석밥류_매우증가,1.7,3.0,0.9,0.4,0.0,0.0,0.0,2.0,1.4,0.9,2.5,1.7,1.8,2.9,3.0,2.8,0.5,0.3,0.3,1.7,2.2,2.1
2021,즉석밥류_평균,3.14,3.21,3.14,3.01,3.13,3.03,2.87,3.21,3.01,3.16,3.16,3.11,3.2,3.35,3.23,3.17,3.11,2.95,3.13,3.11,3.12,3.2
2021,죽/스프류_없음,29.0,25.8,26.3,32.7,41.3,31.6,25.4,33.2,33.9,26.4,20.9,27.6,32.0,24.7,23.9,22.6,28.3,39.4,41.2,29.9,22.6,25.1
2021,죽/스프류_있음,71.0,74.2,73.7,67.3,58.7,68.4,74.6,66.8,66.1,73.6,79.1,72.4,68.0,75.3,76.1,77.4,71.7,60.6,58.8,70.1,77.4,74.9
2021,죽/스프류_매우감소,8.0,9.0,5.7,8.6,5.2,7.6,5.5,6.6,10.4,5.9,8.6,7.9,8.0,4.3,7.0,7.6,9.6,8.7,4.8,10.0,6.9,8.6
2021,죽/스프류_약간감소,23.5,27.0,14.4,26.5,15.1,22.2,16.6,22.8,26.2,23.0,21.9,22.3,26.2,22.8,26.2,19.9,26.3,22.3,25.9,26.1,21.1,21.3
2021,죽/스프류_비슷,50.7,44.2,63.1,41.1,68.2,57.2,68.9,54.5,52.7,46.4,49.1,51.1,49.8,53.0,48.2,49.2,45.6,59.2,54.6,50.6,52.9,45.1
2021,죽/스프류_약간증가,16.2,17.7,14.4,21.3,11.4,12.9,8.9,14.9,10.4,22.0,18.1,16.6,15.2,17.2,18.2,20.9,16.6,8.9,13.8,12.1,17.3,22.4
2021,죽/스프류_매우증가,1.6,2.1,2.3,2.5,0.0,0.0,0.0,1.2,0.3,2.7,2.3,2.0,0.8,2.7,0.4,2.5,1.9,0.9,0.8,1.3,1.7,2.5
2021,죽/스프류_평균,2.8,2.77,2.93,2.83,2.86,2.75,2.81,2.81,2.64,2.93,2.84,2.82,2.75,2.91,2.79,2.91,2.75,2.71,2.8,2.69,2.86,2.89
2021,만두/피자류_없음,5.2,5.5,3.0,9.0,3.4,3.0,11.8,9.0,6.5,2.7,2.0,4.6,6.6,9.1,2.8,3.6,2.3,9.6,11.2,5.0,3.0,3.1
2021,만두/피자류_있음,94.8,94.5,97.0,91.0,96.6,97.0,88.2,91.0,93.5,97.3,98.0,95.4,93.4,90.9,97.2,96.4,97.7,90.4,88.8,95.0,97.0,96.9
2021,만두/피자류_매우감소,3.5,4.7,0.2,4.1,0.8,3.3,2.4,5.4,4.1,2.7,1.5,3.0,4.4,2.4,3.8,3.0,2.2,5.2,5.5,3.6,3.6,1.3
2021,만두/피자류_약간감소,14.4,15.8,4.3,20.1,8.7,15.6,21.7,13.0,17.9,11.9,14.0,14.8,13.5,7.7,16.4,12.3,13.1,18.0,14.8,16.5,14.6,10.4
2021,만두/피자류_비슷,49.1,46.1,49.8,39.9,60.4,54.9,61.7,49.0,55.0,47.1,44.2,48.9,49.5,42.7,48.2,43.2,49.9,56.0,53.1,49.5,48.8,45.4
2021,만두/피자류_약간증가,30.6,31.7,38.5,31.2,28.6,25.5,14.2,29.7,21.7,35.6,37.3,30.7,30.5,42.6,29.4,37.2,32.6,20.1,23.2,29.1,30.9,38.9
2021,만두/피자류_매우증가,2.4,1.8,7.2,4.7,1.4,0.7,0.0,2.9,1.2,2.7,3.0,2.6,2.1,4.5,2.2,4.2,2.2,0.6,3.4,1.2,2.1,3.9
2021,만두/피자류_평균,3.14,3.1,3.48,3.12,3.21,3.05,2.88,3.12,2.98,3.24,3.26,3.15,3.12,3.39,3.1,3.27,3.19,2.93,3.04,3.08,3.13,3.34
2021,육류_없음,13.1,14.0,14.5,15.5,10.2,9.9,10.6,20.0,15.7,9.1,6.3,11.4,16.8,12.7,2.7,9.6,9.8,25.9,26.4,12.9,7.4,9.1
2021,육류_있음,86.9,86.0,85.5,84.5,89.8,90.1,89.4,80.0,84.3,90.9,93.7,88.6,83.2,87.3,97.3,90.4,90.2,74.1,73.6,87.1,92.6,90.9
2021,육류_매우감소,4.0,3.9,1.5,5.3,1.7,7.1,3.5,3.9,5.7,4.5,1.9,3.8,4.6,2.6,3.8,2.5,4.8,5.4,4.0,4.4,4.6,2.7
2021,육류_약간감소,17.4,20.0,8.3,18.9,10.8,17.9,22.6,20.1,20.5,15.0,13.8,16.6,19.4,13.3,14.7,15.2,16.2,24.8,21.4,20.5,14.3,14.0
2021,육류_비슷,51.3,45.9,54.1,44.6,66.8,58.8,61.3,50.9,53.3,51.0,49.7,52.8,47.8,52.4,48.3,48.2,53.0,54.7,53.4,49.1,52.3,51.7
2021,육류_약간증가,26.0,29.2,32.8,28.6,19.9,16.2,12.6,23.5,19.1,28.6,33.6,25.6,26.9,29.5,32.2,31.9,25.8,13.9,19.3,24.9,28.4,29.4
2021,육류_매우증가,1.2,1.0,3.3,2.5,0.8,0.0,0.0,1.6,1.4,0.9,1.0,1.2,1.3,2.2,1.1,2.2,0.2,1.2,1.9,1.1,0.3,2.1
2021,육류_평균,3.03,3.04,3.28,3.04,3.07,2.84,2.83,2.99,2.9,3.06,3.18,3.04,3.01,3.15,3.12,3.16,3.0,2.81,2.94,2.98,3.06,3.14
2021,수산물_없음,26.7,25.9,25.1,28.7,36.4,25.2,14.1,30.4,32.7,26.0,15.9,25.0,30.3,25.0,19.5,18.1,25.6,39.9,39.8,27.4,20.4,22.1
2021,수산물_있음,73.3,74.1,74.9,71.3,63.6,74.8,85.9,69.6,67.3,74.0,84.1,75.0,69.7,75.0,80.5,81.9,74.4,60.1,60.2,72.6,79.6,77.9
2021,수산물_매우감소,5.5,6.2,2.6,8.9,0.8,5.4,6.6,6.4,6.6,3.7,5.2,5.2,6.2,6.0,6.4,4.5,4.2,7.4,8.4,5.8,5.5,3.2
2021,수산물_약간감소,20.2,24.0,17.1,16.0,13.0,17.6,17.1,24.4,21.8,19.0,15.8,18.6,23.9,18.0,20.8,18.1,21.0,21.8,23.9,22.4,18.6,16.4
2021,수산물_비슷,55.0,49.5,63.4,53.1,70.6,55.8,71.6,53.7,54.6,57.3,54.6,56.0,52.6,55.2,58.0,55.1,54.5,52.8,55.6,53.8,55.0,56.5
2021,수산물_약간증가,18.0,18.5,15.8,19.7,15.6,21.2,4.7,14.5,15.8,18.6,22.8,18.7,16.5,20.9,13.3,19.8,19.2,17.6,11.1,16.8,19.7,22.3
2021,수산물_매우증가,1.3,1.8,1.2,2.3,0.0,0.0,0.0,1.1,1.1,1.4,1.5,1.5,0.9,0.0,1.6,2.4,1.1,0.5,1.1,1.1,1.2,1.7
2021,수산물_평균,2.89,2.86,2.96,2.9,3.01,2.93,2.74,2.79,2.83,2.95,3.0,2.93,2.82,2.91,2.83,2.97,2.92,2.82,2.73,2.85,2.93,3.03
2021,즉석떡볶이/면류_없음,16.9,14.6,17.4,23.3,25.7,16.0,5.5,17.7,23.5,16.0,8.8,16.6,17.5,5.7,7.2,10.8,15.7,32.5,28.3,16.7,12.7,12.3
2021,즉석떡볶이/면류_있음,83.1,85.4,82.6,76.7,74.3,84.0,94.5,82.3,76.5,84.0,91.2,83.4,82.5,94.3,92.8,89.2,84.3,67.5,71.7,83.3,87.3,87.7
2021,즉석떡볶이/면류_매우감소,5.1,5.4,1.9,7.7,1.3,6.5,6.1,3.9,6.9,5.4,4.0,5.3,4.6,3.7,1.8,3.8,6.3,8.6,7.3,4.5,4.4,5.2
2021,즉석떡볶이/면류_약간감소,18.7,20.1,6.5,28.1,8.8,21.9,19.3,15.8,23.5,18.5,16.7,20.6,14.4,12.1,19.8,13.0,19.6,25.6,17.6,20.8,16.6,19.0
2021,즉석떡볶이/면류_비슷,50.1,44.3,57.5,42.8,70.9,53.4,65.2,55.3,49.9,47.5,47.4,48.4,53.9,50.9,43.3,53.1,51.3,51.0,48.8,52.0,48.4,50.4
2021,즉석떡볶이/면류_약간증가,24.1,27.4,31.7,18.5,18.1,18.2,8.2,23.3,18.9,26.2,28.3,23.7,25.1,29.7,32.7,27.8,20.8,14.1,23.7,21.5,29.2,21.7
2021,즉석떡볶이/면류_매우증가,2.1,2.7,2.4,2.9,0.9,0.0,1.1,1.6,0.8,2.4,3.5,2.1,2.0,3.6,2.4,2.3,2.1,0.7,2.6,1.3,1.4,3.7
2021,즉석떡볶이/면류_평균,2.99,3.02,3.26,2.81,3.08,2.83,2.79,3.03,2.83,3.02,3.11,2.97,3.06,3.17,3.14,3.12,2.93,2.73,2.97,2.94,3.06,3.0
2022,즉석밥류_없음,12.0,7.2,11.5,13.6,31.8,13.1,16.7,14.0,16.5,6.5,9.3,12.3,11.3,1.1,3.2,4.8,11.3,26.4,29.6,13.5,6.8,9.8
2022,즉석밥류_있음,88.0,92.8,88.5,86.4,68.2,86.9,83.3,86.0,83.5,93.5,90.7,87.7,88.7,98.9,96.8,95.2,88.7,73.6,70.4,86.5,93.2,90.2
2022,즉석밥류_매우감소,3.8,3.8,2.7,6.6,3.9,1.9,8.3,1.6,5.2,4.6,3.2,4.3,2.7,1.9,0.9,3.5,4.7,6.3,3.0,3.2,3.9,5.1
2022,즉석밥류_약간감소,7.2,5.2,4.0,13.7,5.6,13.7,3.5,4.7,7.4,7.2,9.3,7.8,6.0,5.5,4.4,8.3,8.9,7.5,4.4,7.8,6.7,8.5
2022,즉석밥류_비슷,60.5,52.2,79.8,63.9,74.7,63.8,72.1,56.6,63.0,62.5,58.9,63.9,53.5,47.3,54.7,54.8,65.5,69.7,68.3,57.9,63.6,56.2
2022,즉석밥류_약간증가,27.3,37.1,12.1,15.8,15.9,20.4,16.2,34.4,23.6,24.9,28.4,22.9,36.6,36.3,38.9,33.1,20.1,16.2,24.3,29.4,25.5,28.2
2022,즉석밥류_매우증가,1.1,1.7,1.4,0.0,0.0,0.3,0.0,2.8,0.9,0.8,0.2,1.1,1.2,9.1,1.1,0.2,0.9,0.4,0.0,1.8,0.3,1.9
2022,즉석밥류_평균,3.15,3.28,3.06,2.89,3.03,3.04,2.96,3.32,3.08,3.1,3.13,3.09,3.27,3.45,3.35,3.18,3.04,2.97,3.14,3.19,3.12,3.13
2022,죽/스프류_없음,30.4,28.7,22.9,28.0,50.2,30.3,30.7,34.2,33.5,26.1,26.7,30.9,29.2,22.1,25.7,22.9,30.5,40.9,48.1,31.1,26.6,27.1
2022,죽/스프류_있음,69.6,71.3,77.1,72.0,49.8,69.7,69.3,65.8,66.5,73.9,73.3,69.1,70.8,77.9,74.3,77.1,69.5,59.1,51.9,68.9,73.4,72.9
2022,죽/스프류_매우감소,11.1,13.6,5.3,9.7,13.6,7.5,10.8,12.3,8.1,10.5,14.7,10.5,12.5,4.9,14.3,13.1,10.1,8.8,7.4,12.2,10.9,10.8
2022,죽/스프류_약간감소,21.0,19.7,14.3,29.5,21.1,27.5,7.3,13.7,22.3,21.1,25.8,21.5,20.1,13.1,19.2,18.8,23.9,23.9,12.0,20.1,24.1,20.2
2022,죽/스프류_비슷,53.0,48.0,72.6,45.9,58.1,53.4,72.1,60.9,53.7,52.7,45.7,52.4,54.4,68.8,47.8,50.6,55.0,54.6,58.9,55.7,51.6,48.4
2022,죽/스프류_약간증가,14.4,18.1,6.8,14.9,7.2,11.6,9.8,12.0,15.3,15.8,13.8,15.4,12.2,11.2,17.9,17.0,11.0,12.8,21.8,11.2,13.0,20.6
2022,죽/스프류_매우증가,0.4,0.6,0.9,0.0,0.0,0.0,0.0,1.2,0.6,0.0,0.0,0.3,0.8,2.0,0.8,0.6,0.0,0.0,0.0,0.7,0.5,0.0
2022,죽/스프류_평균,2.72,2.73,2.84,2.66,2.59,2.69,2.81,2.76,2.78,2.74,2.59,2.73,2.69,2.92,2.72,2.73,2.67,2.71,2.95,2.68,2.68,2.79
2022,만두/피자류_없음,5.7,4.2,5.2,8.9,1.4,11.0,8.6,8.6,7.0,3.1,3.8,5.4,6.5,0.0,3.0,3.3,6.9,9.6,13.4,7.4,3.5,2.6
2022,만두/피자류_있음,94.3,95.8,94.8,91.1,98.6,89.0,91.4,91.4,93.0,96.9,96.2,94.6,93.5,100.0,97.0,96.7,93.1,90.4,86.6,92.6,96.5,97.4
2022,만두/피자류_매우감소,3.7,3.8,1.4,4.7,1.9,4.4,9.3,4.0,4.2,3.7,2.7,4.2,2.5,5.5,3.5,1.9,4.4,4.3,5.2,3.2,3.2,5.0
2022,만두/피자류_약간감소,12.0,12.9,6.0,22.3,4.2,11.7,9.9,8.1,15.1,13.2,10.1,11.6,12.8,3.1,11.0,10.4,16.4,11.8,7.8,12.9,12.3,11.5
2022,만두/피자류_비슷,52.4,48.0,61.8,45.1,62.9,56.9,59.0,51.9,57.9,50.8,46.8,53.4,50.1,47.2,46.9,47.5,51.9,62.1,60.6,51.5,51.8,51.3
2022,만두/피자류_약간증가,30.3,33.5,27.8,26.0,29.8,26.4,21.1,32.3,22.4,30.5,39.4,29.1,32.9,34.4,37.9,37.4,26.6,21.3,22.7,30.5,31.1,32.1
2022,만두/피자류_매우증가,1.6,1.7,3.1,2.0,1.2,0.5,0.7,3.6,0.4,1.9,1.1,1.6,1.7,9.8,0.6,2.9,0.7,0.6,3.6,1.9,1.5,0.2
2022,만두/피자류_평균,3.14,3.16,3.25,2.98,3.24,3.07,2.94,3.23,3.0,3.14,3.26,3.12,3.18,3.4,3.21,3.29,3.03,3.02,3.12,3.15,3.16,3.11
2022,육류_없음,20.5,16.2,26.1,25.2,15.9,29.4,23.1,24.4,23.5,15.3,17.7,21.6,17.9,12.3,15.5,11.6,22.7,30.3,33.9,22.2,17.5,15.3
2022,육류_있음,79.5,83.8,73.9,74.8,84.1,70.6,76.9,75.6,76.5,84.7,82.3,78.4,82.1,87.7,84.5,88.4,77.3,69.7,66.1,77.8,82.5,84.7
2022,육류_매우감소,8.7,9.9,4.5,9.4,3.0,10.7,8.5,10.8,7.4,8.8,8.4,8.4,9.2,4.6,7.0,7.2,10.5,10.7,7.5,9.0,8.3,9.3
2022,육류_약간감소,17.9,18.0,20.0,15.1,12.2,24.2,7.9,13.5,21.2,16.7,18.6,18.8,16.0,11.3,15.3,17.7,22.6,17.0,10.9,18.3,17.9,19.7
2022,육류_비슷,56.9,52.7,62.6,52.3,74.0,56.1,70.6,58.0,58.3,56.9,53.9,57.1,56.4,68.2,55.9,56.1,53.6,59.1,68.8,52.9,57.9,57.5
2022,육류_약간증가,15.7,18.3,12.9,20.7,10.9,8.6,12.9,17.5,12.0,16.0,18.8,14.7,18.0,16.0,21.0,18.1,12.0,12.4,12.0,19.3,14.4,13.1
2022,육류_매우증가,0.9,1.0,0.0,2.5,0.0,0.4,0.0,0.2,1.0,1.6,0.3,1.1,0.4,0.0,0.7,0.9,1.3,0.7,0.9,0.4,1.5,0.4
2022,육류_평균,2.82,2.82,2.84,2.92,2.93,2.64,2.88,2.83,2.78,2.85,2.84,2.81,2.84,2.96,2.93,2.88,2.71,2.75,2.88,2.84,2.83,2.76
2022,수산물_없음,33.9,33.3,37.7,27.1,46.0,30.7,32.2,38.4,36.0,29.4,31.2,35.2,31.2,26.4,28.4,28.0,32.3,45.2,56.9,32.7,29.9,32.1
2022,수산물_있음,66.1,66.7,62.3,72.9,54.0,69.3,67.8,61.6,64.0,70.6,68.8,64.8,68.8,73.6,71.6,72.0,67.7,54.8,43.1,67.3,70.1,67.9
2022,수산물_매우감소,10.2,12.1,8.5,9.2,4.9,8.6,10.8,8.1,10.2,12.5,9.5,10.8,9.1,3.7,10.6,12.4,11.2,8.1,3.6,10.5,10.1,12.2
2022,수산물_약간감소,23.0,23.1,29.0,24.0,20.4,21.3,12.5,23.7,22.7,23.3,22.6,21.6,25.9,17.6,27.8,22.5,22.4,21.0,15.4,26.0,21.1,23.4
2022,수산물_비슷,52.4,47.4,58.7,45.6,70.6,56.9,70.1,52.5,51.8,49.3,56.6,52.4,52.5,56.7,45.6,50.3,55.8,56.4,58.7,51.9,52.6,51.1
2022,수산물_약간증가,13.2,15.7,3.8,19.0,3.5,13.1,6.6,14.5,13.3,13.9,11.2,13.9,11.8,22.1,13.4,14.2,9.6,13.6,21.1,10.4,15.3,11.8
2022,수산물_매우증가,1.2,1.7,0.0,2.3,0.4,0.0,0.0,1.1,2.0,1.1,0.2,1.4,0.7,0.0,2.6,0.6,1.0,0.9,1.2,1.1,1.0,1.5
2022,수산물_평균,2.72,2.72,2.58,2.81,2.74,2.75,2.72,2.77,2.74,2.68,2.7,2.74,2.69,2.97,2.7,2.68,2.67,2.78,3.01,2.66,2.76,2.67
2022,즉석떡볶이/면류_없음,17.1,11.9,15.3,24.7,28.2,23.2,17.8,18.2,24.0,11.6,12.1,17.6,16.2,2.4,7.6,7.7,18.9,32.4,41.9,16.9,12.2,14.2
2022,즉석떡볶이/면류_있음,82.9,88.1,84.7,75.3,71.8,76.8,82.2,81.8,76.0,88.4,87.9,82.4,83.8,97.6,92.4,92.3,81.1,67.6,58.1,83.1,87.8,85.8
2022,즉석떡볶이/면류_매우감소,6.2,7.3,1.7,5.4,5.0,5.4,13.1,8.6,7.2,4.6,4.4,6.6,5.4,7.8,6.5,3.9,6.3,7.9,2.0,7.9,5.4,6.0
2022,즉석떡볶이/면류_약간감소,16.4,16.2,11.9,27.3,8.2,20.3,5.0,12.8,15.5,18.6,18.5,16.5,16.2,10.7,14.4,18.1,19.9,14.3,13.9,16.1,16.2,18.2
2022,즉석떡볶이/면류_비슷,58.9,56.5,75.0,46.4,74.0,51.8,71.4,60.1,59.9,60.5,54.8,57.7,61.4,47.7,64.8,56.8,55.5,61.4,72.8,56.4,59.7,57.0
2022,즉석떡볶이/면류_약간증가,17.1,17.3,11.4,20.3,12.8,22.5,10.6,15.3,16.2,15.5,21.6,18.0,15.1,26.2,12.6,20.2,16.9,16.1,11.2,17.1,17.8,17.7
2022,즉석떡볶이/면류_매우증가,1.4,2.6,0.0,0.6,0.0,0.0,0.0,3.2,1.2,0.9,0.7,1.2,1.9,7.6,1.7,0.9,1.4,0.3,0.0,2.4,0.9,1.2
2022,즉석떡볶이/면류_평균,2.91,2.92,2.96,2.83,2.94,2.91,2.79,2.92,2.88,2.9,2.96,2.91,2.92,3.15,2.89,2.96,2.87,2.86,2.93,2.9,2.93,2.9
2018,신선편의과일_없음,39.0,29.7,60.9,51.9,45.4,38.0,49.3,39.0,46.9,35.5,27.6,40.1,36.4,29.8,25.1,31.4,44.8,54.2,57.4,38.4,37.0,22.9
2018,신선편의과일_있음,61.0,70.3,39.1,48.1,54.6,62.0,50.7,61.0,53.1,64.5,72.4,59.9,63.6,70.2,74.9,68.6,55.2,45.8,42.6,61.6,63.0,77.1
2018,신선편의과일_매우감소,8.0,3.2,19.2,7.8,6.3,19.0,20.3,8.3,7.7,6.2,17.2,8.6,6.4,10.8,5.8,7.7,8.1,9.5,13.1,8.4,7.8,3.5
2018,신선편의과일_약간감소,13.1,10.9,14.7,14.6,15.0,19.0,7.0,12.3,14.4,13.0,12.6,13.9,11.1,16.9,10.4,12.1,15.4,13.1,14.2,13.0,12.4,13.9
2018,신선편의과일_비슷,64.9,70.1,57.0,64.5,68.0,49.7,54.7,63.4,67.6,66.6,58.5,63.7,67.5,59.0,69.1,61.4,63.5,69.8,63.3,65.5,64.0,67.6
2018,신선편의과일_약간증가,13.6,15.5,9.1,12.6,10.7,10.1,18.0,15.3,10.1,14.0,11.2,13.3,14.3,13.4,14.5,18.1,12.7,6.7,8.3,12.6,15.2,15.1
2018,신선편의과일_매우증가,0.5,0.2,0.0,0.5,0.0,2.2,0.0,0.7,0.2,0.2,0.4,0.4,0.7,0.0,0.2,0.8,0.3,0.9,1.2,0.4,0.6,0.0
2018,신선편의과일_평균,2.86,2.99,2.56,2.83,2.83,2.58,2.7,2.88,2.81,2.89,2.7,2.83,2.92,2.75,2.93,2.92,2.82,2.77,2.7,2.8,2.9,2.94
2019,신선편의과일_없음,27.3,18.9,36.8,41.5,28.8,37.3,23.2,28.7,23.9,27.1,35.6,28.4,24.8,18.5,23.5,27.1,34.7,47.7,29.4,26.6,25.0,28.2
2019,신선편의과일_있음,72.7,81.1,63.2,58.5,71.2,62.7,76.8,71.3,76.1,72.9,64.4,71.6,75.2,81.5,76.5,72.9,65.3,52.3,70.6,73.4,75.0,71.8
2019,신선편의과일_매우감소,11.8,6.4,11.6,16.2,3.5,37.1,13.2,13.1,11.1,10.2,13.5,11.2,13.1,12.5,12.2,9.3,13.7,13.3,11.8,12.0,12.8,8.3
2019,신선편의과일_약간감소,17.1,15.1,14.6,29.0,17.4,20.6,8.6,15.8,15.8,18.4,18.3,16.9,17.4,10.1,16.4,20.5,19.9,14.6,14.3,17.2,16.4,19.4
2019,신선편의과일_비슷,61.4,68.8,64.3,52.3,64.9,30.2,71.4,60.1,64.6,65.1,56.8,61.2,61.9,65.3,60.6,61.8,57.9,66.3,60.9,64.6,60.6,60.0
2019,신선편의과일_약간증가,9.6,9.8,8.8,2.5,13.5,12.0,6.8,11.1,8.4,5.7,11.4,10.5,7.6,12.1,10.8,7.9,8.5,5.8,13.0,6.0,9.8,12.3
2019,신선편의과일_매우증가,0.1,0.0,0.7,0.0,0.7,0.0,0.0,0.0,0.0,0.6,0.0,0.2,0.0,0.0,0.0,0.5,0.0,0.0,0.0,0.2,0.4,0.0
2019,신선편의과일_평균,2.69,2.82,2.72,2.41,2.9,2.17,2.72,2.69,2.7,2.68,2.7,2.72,2.64,2.77,2.7,2.7,2.61,2.65,2.75,2.6,2.7,2.76
2020,신선편의과일_없음,27.9,17.9,42.7,32.6,34.4,39.3,43.9,27.1,30.2,26.0,25.5,29.1,25.2,14.0,24.3,24.4,41.6,48.3,32.0,30.5,21.5,29.4
2020,신선편의과일_있음,72.1,82.1,57.3,67.4,65.6,60.7,56.1,72.9,69.8,74.0,74.6,70.9,74.8,86.0,75.7,75.6,58.4,51.7,68.0,69.5,78.4,70.6
2020,신선편의과일_매우감소,6.8,4.4,6.4,9.4,1.4,17.7,15.5,7.8,5.8,4.3,4.7,6.1,8.3,10.6,4.1,6.7,7.3,12.4,9.1,5.7,5.5,9.1
2020,신선편의과일_약간감소,17.8,16.7,23.7,15.9,7.2,29.9,5.0,17.3,17.6,19.3,15.2,18.3,16.7,17.2,17.0,17.2,21.5,17.6,19.8,19.3,14.8,19.8
2020,신선편의과일_비슷,61.0,61.2,56.8,60.0,82.3,47.1,74.5,58.6,59.0,63.9,70.8,62.6,57.6,54.2,61.4,63.3,62.8,62.4,58.3,59.0,63.8,61.3
2020,신선편의과일_약간증가,14.2,17.8,12.3,14.3,9.0,5.3,5.0,16.0,17.6,12.5,7.4,12.9,17.2,18.0,17.3,12.7,8.1,7.4,12.4,16.0,15.6,9.8
2020,신선편의과일_매우증가,0.1,0.0,0.8,0.4,0.1,0.0,0.0,0.2,0.0,0.0,1.8,0.1,0.2,0.0,0.2,0.0,0.3,0.2,0.4,0.0,0.2,0.0
2020,신선편의과일_평균,2.83,2.92,2.77,2.8,2.99,2.4,2.69,2.83,2.89,2.85,2.9,2.83,2.84,2.8,2.92,2.82,2.73,2.65,2.75,2.8,2.9,2.72
2021,신선편의과일_없음,38.4,36.6,41.3,36.8,58.3,31.7,31.1,37.0,45.6,39.3,30.0,36.0,43.4,20.0,24.2,31.2,44.4,53.1,44.0,41.7,34.4,33.2
2021,신선편의과일_있음,61.6,63.4,58.7,63.2,41.7,68.3,68.9,63.0,54.4,60.7,70.0,64.0,56.6,80.0,75.8,68.8,55.6,46.9,56.0,58.3,65.6,66.8
2021,신선편의과일_매우감소,11.2,17.1,4.5,5.3,1.9,5.8,7.9,9.8,10.4,12.1,12.5,12.5,7.9,6.3,9.2,8.2,13.4,16.9,14.2,9.8,9.9,12.6
2021,신선편의과일_약간감소,21.3,26.6,9.7,16.5,7.4,19.9,26.7,24.2,20.1,20.6,20.0,19.3,26.2,20.3,22.2,21.2,21.2,20.9,27.6,20.7,17.8,21.7
2021,신선편의과일_비슷,54.4,45.6,67.0,55.4,76.1,62.2,63.1,51.2,58.5,53.1,54.6,56.1,50.2,56.3,54.1,55.0,54.0,53.3,48.3,57.9,59.4,47.5
2021,신선편의과일_약간증가,12.6,9.8,18.8,22.0,14.6,12.1,2.2,13.9,10.2,14.2,12.2,11.7,14.9,17.1,13.7,14.7,10.9,8.5,9.8,10.9,12.4,17.2
2021,신선편의과일_매우증가,0.6,1.0,0.0,0.8,0.0,0.0,0.0,0.8,0.8,0.0,0.6,0.5,0.8,0.0,0.8,0.9,0.5,0.4,0.0,0.7,0.5,1.0
2021,신선편의과일_평균,2.7,2.51,3.0,2.97,3.03,2.81,2.6,2.72,2.71,2.69,2.68,2.68,2.74,2.84,2.75,2.79,2.64,2.55,2.54,2.72,2.76,2.72
2022,신선편의과일_없음,36.5,32.6,33.9,37.1,60.7,33.7,44.8,36.4,42.0,31.0,34.5,39.8,29.5,24.6,26.5,33.3,34.1,50.4,59.8,35.8,31.0,36.4
2022,신선편의과일_있음,63.5,67.4,66.1,62.9,39.3,66.3,55.2,63.6,58.0,69.0,65.5,60.2,70.5,75.4,73.5,66.7,65.9,49.6,40.2,64.2,69.0,63.6
2022,신선편의과일_매우감소,12.4,12.5,13.6,15.8,4.1,10.1,22.8,17.4,8.8,11.3,13.4,12.6,12.0,13.6,13.2,11.9,11.0,13.4,17.8,14.0,9.7,13.1
2022,신선편의과일_약간감소,21.8,23.1,16.3,17.1,13.7,28.6,15.0,15.4,21.2,25.8,24.2,21.8,21.7,19.7,19.3,24.0,23.2,21.1,19.0,18.9,22.5,27.3
2022,신선편의과일_비슷,54.5,51.5,64.0,51.3,75.3,50.6,60.1,55.8,56.7,53.4,51.5,53.0,57.1,50.6,56.2,53.0,55.3,54.1,48.5,56.5,58.6,42.9
2022,신선편의과일_약간증가,10.4,11.4,6.1,14.3,6.9,10.6,2.1,10.1,12.1,8.6,10.7,11.4,8.6,13.1,11.4,10.1,9.3,10.4,13.6,9.9,8.7,14.5
2022,신선편의과일_매우증가,0.9,1.4,0.0,1.5,0.0,0.0,0.0,1.2,1.3,0.8,0.2,1.1,0.5,3.1,0.0,1.0,1.2,1.0,1.1,0.7,0.6,2.1
2022,신선편의과일_평균,2.66,2.66,2.63,2.69,2.85,2.62,2.41,2.62,2.76,2.62,2.6,2.67,2.64,2.72,2.66,2.64,2.67,2.65,2.61,2.64,2.68,2.65
2018,즉석섭취식사류_매우감소,4.9,2.9,9.6,7.6,4.2,7.4,8.4,5.0,6.4,3.8,4.1,5.1,4.4,5.2,2.0,4.2,4.3,10.2,7.9,4.8,4.7,2.8
2018,즉석섭취식사류_매우증가,0.8,0.5,0.0,0.4,1.1,2.1,0.9,1.0,0.5,0.6,2.4,0.8,0.7,2.3,1.0,0.9,0.5,0.0,1.8,0.5,1.0,0.2
2018,즉석섭취식사류_비슷,58.6,61.9,57.7,55.8,62.0,47.6,61.0,55.2,63.3,60.1,47.1,57.4,61.3,57.3,57.1,55.6,61.1,61.6,56.3,58.5,57.2,65.2
2018,즉석섭취식사류_약간감소,16.6,14.8,23.3,20.9,15.0,18.7,12.4,16.2,16.1,16.4,22.4,17.5,14.6,12.6,14.0,15.9,18.9,19.8,19.0,17.2,16.5,13.5
2018,즉석섭취식사류_약간증가,19.1,19.8,9.3,15.3,17.8,24.2,17.4,22.6,13.7,19.0,24.0,19.1,19.1,22.6,25.9,23.5,15.1,8.4,15.0,19.1,20.6,18.3
2018,즉석섭취식사류_없음,21.7,14.2,49.9,25.6,31.9,16.7,21.8,19.9,31.2,20.0,15.3,22.6,19.5,9.1,10.1,14.8,22.6,40.9,38.3,21.9,17.2,13.6
2018,즉석섭취식사류_있음,78.3,85.8,50.1,74.4,68.1,83.3,78.2,80.1,68.8,80.0,84.7,77.4,80.5,90.9,89.9,85.2,77.4,59.1,61.7,78.1,82.8,86.4
2018,즉석섭취식사류_평균,2.9,3.0,2.7,2.8,3.0,2.9,2.9,3.0,2.9,3.0,3.0,2.9,3.0,3.0,3.1,3.0,2.9,2.7,2.8,2.9,3.0,3.0
2019,즉석섭취식사류_매우감소,6.1,5.7,5.4,8.4,3.6,9.7,2.5,4.8,7.4,6.6,6.1,5.9,6.8,3.9,6.1,6.8,6.1,10.2,6.8,7.0,6.3,4.0
2019,즉석섭취식사류_매우증가,0.4,0.2,0.6,0.6,1.1,0.0,0.0,0.7,0.0,0.5,0.4,0.3,0.3,1.2,0.1,0.3,0.2,0.1,0.7,0.5,0.1,0.1
2019,즉석섭취식사류_비슷,56.5,59.8,51.2,47.4,59.7,50.2,66.9,56.6,54.9,58.1,56.7,57.2,54.7,52.7,58.9,55.1,56.7,55.7,54.8,55.8,55.2,59.7
2019,즉석섭취식사류_약간감소,20.6,20.0,24.7,22.1,16.8,23.7,6.8,18.7,21.9,20.8,18.5,19.8,22.4,21.3,16.3,22.4,25.4,24.6,19.6,18.5,25.0,19.5
2019,즉석섭취식사류_약간증가,16.5,14.2,18.0,21.7,18.7,16.4,23.9,19.2,15.8,14.0,18.4,16.8,15.8,21.0,18.6,15.4,11.6,9.5,18.0,18.3,13.3,16.7
2019,즉석섭취식사류_없음,12.8,10.0,7.8,20.1,10.9,19.9,18.2,9.8,14.2,12.3,13.2,13.1,12.0,4.8,9.0,14.6,17.0,31.7,13.2,12.1,12.7,12.6
2019,즉석섭취식사류_있음,87.2,90.0,92.2,79.9,89.1,80.1,81.8,90.2,85.8,87.7,86.8,86.9,88.0,95.2,91.0,85.4,83.0,68.3,86.8,87.9,87.3,87.4
2019,즉석섭취식사류_평균,2.8,2.8,2.8,2.8,3.0,2.7,3.1,2.9,2.8,2.8,2.9,2.9,2.8,2.9,2.9,2.8,2.7,2.6,2.9,2.9,2.7,2.9
2020,즉석섭취식사류_매우감소,5.0,4.5,1.9,7.7,2.0,9.3,6.0,4.4,5.4,5.1,2.7,4.6,5.8,2.6,4.4,4.8,6.9,9.9,6.4,5.0,5.2,3.9
2020,즉석섭취식사류_매우증가,1.0,0.9,3.4,1.2,0.2,0.0,0.6,1.1,1.4,1.1,0.6,0.8,1.3,2.1,0.9,0.9,0.5,0.2,0.2,0.8,1.1,1.2
2020,즉석섭취식사류_비슷,55.8,53.9,55.9,52.2,68.1,52.9,79.5,55.3,55.7,57.2,57.0,56.7,53.9,46.6,58.5,57.5,56.3,53.3,55.0,56.5,57.0,55.5
2020,즉석섭취식사류_약간감소,19.0,20.6,17.4,16.7,12.5,22.3,10.3,17.8,19.2,20.0,15.3,19.1,18.8,22.9,16.0,19.7,19.1,25.5,20.5,17.8,18.7,19.9
2020,즉석섭취식사류_약간증가,19.2,20.2,21.3,22.0,17.1,15.6,3.7,21.4,18.2,16.6,24.5,18.8,20.2,25.9,20.2,17.2,17.2,11.0,17.8,19.8,18.0,19.5
2020,즉석섭취식사류_없음,14.5,10.3,22.3,13.9,10.6,23.0,28.3,12.2,17.4,15.9,11.6,14.9,13.4,9.3,10.0,13.0,21.3,33.6,18.3,13.6,12.2,15.3
2020,즉석섭취식사류_있음,85.5,89.7,77.7,86.1,89.4,77.0,71.7,87.8,82.6,84.1,88.4,85.1,86.6,90.7,90.0,87.0,78.7,66.4,81.7,86.4,87.8,84.7
2020,즉석섭취식사류_평균,2.9,2.9,3.1,2.9,3.0,2.7,2.8,3.0,2.9,2.9,3.1,2.9,2.9,3.0,3.0,2.9,2.9,2.7,2.8,3.0,2.9,2.9
2021,즉석섭취식사류_매우감소,4.1,5.3,1.2,5.0,2.0,3.0,4.8,5.1,5.0,2.7,3.6,4.1,4.3,2.9,1.6,2.6,4.4,7.7,5.1,4.1,3.2,4.6
2021,즉석섭취식사류_매우증가,2.1,1.6,7.3,2.5,1.2,0.4,0.0,4.1,1.4,1.2,1.4,1.8,2.6,8.3,2.6,1.1,2.3,0.0,2.3,3.3,1.4,0.9
2021,즉석섭취식사류_비슷,51.8,49.3,56.0,41.0,64.1,56.1,54.4,51.7,53.6,48.8,52.8,51.1,53.3,49.1,52.2,53.8,46.0,56.9,55.7,52.2,48.9,52.2
2021,즉석섭취식사류_약간감소,18.6,22.4,8.1,21.5,8.7,17.0,23.9,18.3,21.0,21.1,13.8,18.5,18.8,17.8,15.1,16.0,20.8,21.8,22.5,18.1,19.0,15.6
2021,즉석섭취식사류_약간증가,23.4,21.3,27.5,30.0,24.0,23.5,16.9,20.7,19.1,26.2,28.4,24.5,20.9,22.0,28.5,26.4,26.5,13.6,14.4,22.3,27.5,26.7
2021,즉석섭취식사류_없음,10.0,10.1,11.7,11.1,8.6,8.9,7.8,10.6,13.2,9.1,6.1,10.2,9.5,3.5,2.9,5.7,9.0,20.9,19.8,9.3,7.3,5.7
2021,즉석섭취식사류_있음,90.0,89.9,88.3,88.9,91.4,91.1,92.2,89.4,86.8,90.9,93.9,89.8,90.5,96.5,97.1,94.3,91.0,79.1,80.2,90.7,92.7,94.3
2021,즉석섭취식사류_평균,3.01,2.92,3.32,3.03,3.14,3.01,2.83,3.0,2.91,3.02,3.1,3.02,2.99,3.15,3.15,3.07,3.01,2.76,2.86,3.02,3.05,3.04
2022,즉석섭취식사류_매우감소,7.7,9.7,0.2,10.9,3.4,5.8,13.5,5.5,8.8,10.8,5.3,8.6,5.9,9.0,5.8,9.8,6.7,8.4,4.6,6.3,8.8,9.4
2022,즉석섭취식사류_매우증가,1.5,1.8,3.4,1.7,0.0,0.0,0.8,3.1,1.9,0.3,0.7,1.3,1.9,11.9,1.0,0.9,1.3,0.1,2.4,2.5,1.1,0.0
2022,즉석섭취식사류_비슷,53.9,49.5,60.2,45.7,70.4,60.2,59.1,51.4,54.2,55.3,54.5,56.1,49.6,45.3,54.3,52.5,57.2,53.8,51.9,54.2,54.6,52.7
2022,즉석섭취식사류_약간감소,17.2,19.7,18.9,18.2,9.1,13.3,8.5,14.4,18.4,17.9,17.7,16.9,17.9,9.7,16.5,18.1,17.4,18.9,21.2,14.6,17.7,20.2
2022,즉석섭취식사류_약간증가,19.6,19.4,17.4,23.4,17.1,20.8,18.0,25.6,16.7,15.7,21.8,17.1,24.7,24.1,22.4,18.8,17.4,18.9,19.7,22.4,17.8,17.7
2022,즉석섭취식사류_없음,20.4,18.0,19.7,20.4,29.9,21.9,25.3,21.7,26.4,15.6,15.6,21.4,18.4,3.9,10.7,11.3,20.3,37.4,47.0,21.0,15.9,13.7
2022,즉석섭취식사류_있음,79.6,82.0,80.3,79.6,70.1,78.1,74.7,78.3,73.6,84.4,84.4,78.6,81.6,96.1,89.3,88.7,79.7,62.6,53.0,79.0,84.1,86.3
2022,즉석섭취식사류_평균,2.9,2.84,3.05,2.87,3.01,2.96,2.84,3.06,2.84,2.77,2.95,2.85,2.99,3.2,2.96,2.83,2.89,2.83,2.94,3.0,2.85,2.79
2018,즉석섭취반찬류_매우감소,5.1,2.0,10.6,7.7,5.2,11.2,11.2,5.0,5.8,5.4,10.3,5.8,3.6,6.7,3.6,3.9,6.1,6.4,9.3,5.4,5.3,0.1
2018,즉석섭취반찬류_매우증가,0.7,0.1,0.0,3.8,0.0,1.4,1.5,0.8,0.2,0.4,0.9,0.6,0.8,0.0,0.8,1.2,0.6,0.3,1.8,0.8,0.4,0.2
2018,즉석섭취반찬류_비슷,56.0,57.7,53.8,56.4,59.7,48.1,60.5,54.4,53.8,57.6,53.9,54.4,59.4,50.2,53.6,58.3,56.6,57.1,55.0,53.6,55.7,64.5
2018,즉석섭취반찬류_약간감소,15.5,14.0,22.8,18.4,18.0,15.3,10.6,14.4,19.6,15.2,19.0,17.0,12.0,12.7,15.6,13.8,13.8,22.4,17.4,16.6,15.0,12.1
2018,즉석섭취반찬류_약간증가,22.8,26.2,12.8,13.8,17.2,23.9,16.1,25.4,20.6,21.5,16.0,22.2,24.2,30.4,26.3,22.8,23.0,13.8,16.5,23.8,23.4,23.0
2018,즉석섭취반찬류_없음,25.8,14.0,55.6,39.3,42.2,20.2,37.2,23.2,34.6,25.0,21.1,27.6,21.6,14.8,13.6,20.2,27.2,43.0,43.2,26.1,22.2,12.9
2018,즉석섭취반찬류_있음,74.2,86.0,44.4,60.7,57.8,79.8,62.8,76.8,65.4,75.0,78.9,72.4,78.4,85.2,86.4,79.8,72.8,57.0,56.8,73.9,77.8,87.1
2018,즉석섭취반찬류_평균,3.0,3.1,2.7,2.9,2.9,2.9,2.9,3.0,2.9,3.0,2.8,3.0,3.1,3.0,3.0,3.0,3.0,2.8,2.8,3.0,3.0,3.1
2019,즉석섭취반찬류_매우감소,7.2,4.4,10.4,9.4,2.9,17.6,8.2,5.8,7.6,6.7,7.3,7.2,7.2,8.2,5.4,8.7,7.5,8.0,7.4,6.7,9.2,5.0
2019,즉석섭취반찬류_매우증가,0.5,0.6,1.2,0.0,0.5,0.0,1.1,0.4,1.2,0.4,0.1,0.6,0.5,0.0,1.0,0.2,0.6,0.1,0.0,0.8,0.1,1.0
2019,즉석섭취반찬류_비슷,54.3,57.2,53.4,47.3,58.8,43.1,62.0,53.8,57.0,49.7,59.2,54.8,53.3,50.6,55.6,54.4,53.2,58.5,54.0,50.7,55.8,58.6
2019,즉석섭취반찬류_약간감소,19.5,18.9,17.0,29.2,13.6,23.5,12.4,21.2,16.9,21.6,20.8,19.5,19.4,22.8,17.6,18.8,20.8,23.5,19.6,23.3,17.9,16.1
2019,즉석섭취반찬류_약간증가,18.5,19.0,18.0,14.2,24.2,15.8,16.4,18.9,17.3,21.6,12.6,18.2,19.4,18.4,20.4,18.0,17.9,10.0,18.8,18.4,17.1,19.4
2019,즉석섭취반찬류_없음,15.8,9.4,18.2,28.8,17.6,22.0,23.3,15.2,14.0,15.6,18.4,16.4,14.1,9.1,12.6,16.7,20.3,31.0,18.6,14.6,14.5,15.8
2019,즉석섭취반찬류_있음,84.2,90.6,81.8,71.2,82.4,77.9,76.7,84.8,86.0,84.4,81.6,83.6,85.9,90.9,87.4,83.3,79.7,69.0,81.4,85.4,85.5,84.2
2019,즉석섭취반찬류_평균,2.9,2.9,2.8,2.7,3.1,2.6,2.9,2.9,2.9,2.9,2.8,2.9,2.9,2.8,2.9,2.8,2.8,2.7,2.8,2.8,2.8,3.0
2020,즉석섭취반찬류_매우감소,6.1,4.6,1.6,6.6,2.7,17.6,5.8,6.9,6.0,4.5,3.5,5.0,8.6,9.3,3.9,5.9,6.6,11.4,8.5,4.7,5.9,6.1
2020,즉석섭취반찬류_매우증가,1.4,1.5,1.7,3.2,0.2,0.5,0.4,2.2,1.0,1.0,0.9,1.1,2.2,1.8,1.9,1.0,1.0,0.6,1.3,1.5,1.6,0.6
2020,즉석섭취반찬류_비슷,53.2,51.8,61.6,47.9,61.0,48.0,72.4,52.3,52.0,55.6,64.1,54.6,50.3,45.1,54.6,53.6,56.4,55.2,49.8,57.1,52.5,53.0
2020,즉석섭취반찬류_약간감소,17.8,17.5,17.3,22.8,13.3,19.8,15.2,17.8,19.0,16.0,13.6,17.8,17.8,19.2,16.4,19.4,17.5,17.0,20.6,18.0,16.0,17.6
2020,즉석섭취반찬류_약간증가,21.4,24.6,18.0,19.6,22.8,14.2,6.2,20.8,22.0,23.0,18.0,21.6,21.0,24.6,23.2,20.2,18.5,15.7,19.8,18.6,24.0,22.8
2020,즉석섭취반찬류_없음,14.8,8.4,20.8,18.4,18.5,21.6,37.6,14.4,15.4,14.2,13.8,15.6,12.6,9.0,9.9,14.7,21.3,31.4,20.2,13.7,11.2,15.4
2020,즉석섭취반찬류_있음,85.2,91.6,79.2,81.6,81.5,78.4,62.4,85.6,84.6,85.8,86.2,84.4,87.4,91.1,90.1,85.3,78.7,68.6,79.8,86.3,88.8,84.6
2020,즉석섭취반찬류_평균,2.9,3.0,3.0,2.9,3.0,2.6,2.8,2.9,2.9,3.0,3.0,3.0,2.9,2.9,3.0,2.9,2.9,2.8,2.8,2.9,3.0,2.9
2021,즉석섭취반찬류_매우감소,4.3,5.4,2.4,6.4,0.4,3.0,5.6,3.9,4.8,4.6,4.1,4.6,3.7,4.9,2.7,4.0,4.3,5.8,7.6,4.0,3.8,3.2
2021,즉석섭취반찬류_매우증가,0.9,0.7,2.1,1.4,1.5,0.4,0.0,1.4,0.6,0.9,0.8,1.0,0.8,2.0,0.9,0.7,1.2,0.4,0.2,1.4,1.1,0.5
2021,즉석섭취반찬류_비슷,51.9,47.2,58.8,49.7,68.4,52.4,64.1,54.2,51.1,49.4,52.7,51.1,53.7,54.0,49.0,50.9,52.2,54.2,53.1,50.5,53.5,51.0
2021,즉석섭취반찬류_약간감소,18.5,23.7,6.3,14.4,8.5,18.7,18.8,17.5,19.0,20.9,16.5,18.0,19.5,10.6,20.3,19.8,16.4,20.7,16.3,21.4,17.1,17.4
2021,즉석섭취반찬류_약간증가,24.4,23.1,30.4,28.1,21.2,25.6,11.5,22.9,24.4,24.1,25.9,25.3,22.3,28.5,27.1,24.6,25.8,18.9,22.8,22.6,24.5,27.9
2021,즉석섭취반찬류_없음,15.3,15.6,15.3,9.9,26.6,11.2,14.0,15.1,21.3,14.2,9.3,14.4,17.4,11.7,8.9,9.3,14.4,26.2,25.5,14.5,13.7,9.6
2021,즉석섭취반찬류_있음,84.7,84.4,84.7,90.1,73.4,88.8,86.0,84.9,78.7,85.8,90.7,85.6,82.6,88.3,91.1,90.7,85.6,73.8,74.5,85.5,86.3,90.4
2021,즉석섭취반찬류_평균,2.99,2.9,3.23,3.04,3.15,3.02,2.82,3.0,2.97,2.96,3.03,3.0,2.97,3.12,3.03,2.98,3.03,2.87,2.92,2.96,3.02,3.05
2022,즉석섭취반찬류_매우감소,8.3,10.1,2.3,7.9,3.5,9.5,9.5,6.2,7.3,10.5,9.0,7.3,10.2,3.5,4.6,8.5,11.1,10.1,7.8,8.5,8.2,8.2
2022,즉석섭취반찬류_매우증가,1.2,1.8,0.0,2.6,0.0,0.2,0.0,1.9,1.1,1.3,0.8,1.3,1.2,0.0,2.3,1.3,0.5,1.2,1.3,1.5,1.2,0.9
2022,즉석섭취반찬류_비슷,54.6,53.0,60.7,48.6,62.9,52.9,69.7,56.0,56.3,53.6,52.2,54.3,55.1,69.1,49.1,55.0,57.1,52.8,56.6,53.0,55.9,54.4
2022,즉석섭취반찬류_약간감소,24.9,26.3,25.3,24.5,16.6,26.8,10.9,20.9,24.1,24.9,29.3,25.0,24.6,8.1,27.9,27.1,24.4,24.6,20.0,24.6,24.2,28.4
2022,즉석섭취반찬류_약간증가,11.0,8.8,11.7,16.4,17.1,10.5,9.8,15.0,11.3,9.6,8.7,12.0,8.9,19.3,16.1,8.2,6.9,11.3,14.3,12.4,10.5,8.1
2022,즉석섭취반찬류_없음,37.0,37.8,33.2,31.8,50.1,31.5,42.9,39.2,42.6,31.0,33.4,38.5,33.9,22.4,30.2,30.8,35.8,50.4,58.8,36.7,32.8,34.5
2022,즉석섭취반찬류_있음,63.0,62.2,66.8,68.2,49.9,68.5,57.1,60.8,57.4,69.0,66.6,61.5,66.1,77.6,69.8,69.2,64.2,49.6,41.2,63.3,67.2,65.5
2022,즉석섭취반찬류_평균,2.72,2.66,2.82,2.81,2.94,2.65,2.8,2.85,2.75,2.66,2.63,2.75,2.66,3.04,2.84,2.67,2.61,2.69,2.81,2.74,2.72,2.65
2018,즉석국류/찌개/탕류_매우감소,5.6,3.0,10.9,11.2,11.6,5.0,9.6,5.6,4.0,6.3,13.8,6.1,4.4,6.2,3.2,5.6,6.6,6.8,10.2,4.8,5.7,4.2
2018,즉석국류/찌개/탕류_매우증가,0.5,0.4,0.0,0.8,0.4,1.2,0.0,0.4,0.8,0.5,1.5,0.6,0.3,0.0,0.6,0.2,0.6,1.0,0.2,0.7,0.4,0.3
2018,즉석국류/찌개/탕류_비슷,57.0,59.9,48.6,47.7,58.6,53.5,70.6,55.6,60.0,57.0,56.7,55.9,59.5,54.1,58.8,53.1,58.8,59.6,55.8,58.2,52.4,69.8
2018,즉석국류/찌개/탕류_약간감소,19.6,20.1,29.5,22.1,18.0,13.4,7.8,21.5,22.4,17.2,12.6,19.8,19.2,19.5,16.8,18.8,20.7,22.8,19.5,20.8,20.0,13.4
2018,즉석국류/찌개/탕류_약간증가,17.3,16.6,11.1,18.3,11.2,26.9,11.9,16.8,12.8,18.9,15.4,17.7,16.6,20.2,20.6,22.3,13.4,9.9,14.2,15.4,21.5,12.4
2018,즉석국류/찌개/탕류_없음,36.0,26.4,44.4,50.3,55.0,36.9,40.8,31.8,43.2,34.4,36.4,38.0,31.2,25.9,23.0,30.0,39.2,51.8,53.4,34.0,31.6,34.4
2018,즉석국류/찌개/탕류_있음,64.0,73.6,55.6,49.7,45.0,63.1,59.2,68.2,56.8,65.6,63.6,62.0,68.8,74.1,77.0,70.0,60.8,48.2,46.7,66.0,68.4,65.6
2018,즉석국류/찌개/탕류_평균,2.9,2.9,2.6,2.8,2.7,3.1,2.8,2.8,2.8,2.9,2.8,2.9,2.9,2.9,3.0,2.9,2.8,2.8,2.7,2.8,3.0,2.9
2019,즉석국류/찌개/탕류_매우감소,7.6,4.5,5.8,11.0,4.6,19.3,9.4,6.6,9.1,8.2,6.2,6.8,9.2,10.1,7.4,6.6,6.6,9.1,8.2,9.0,6.9,5.5
2019,즉석국류/찌개/탕류_매우증가,0.2,0.2,0.2,0.0,1.0,0.0,0.0,0.2,0.8,0.0,0.0,0.2,0.3,0.3,0.4,0.0,0.2,0.2,0.2,0.4,0.1,0.0
2019,즉석국류/찌개/탕류_비슷,54.4,56.0,51.0,50.8,60.7,49.2,62.0,55.2,57.0,51.4,54.6,54.2,55.0,55.0,55.0,53.2,54.2,56.2,52.8,55.2,53.0,56.0
2019,즉석국류/찌개/탕류_약간감소,22.4,23.3,26.4,24.6,15.9,19.8,8.4,23.0,18.1,22.8,26.8,23.0,21.0,18.5,21.3,24.2,25.2,22.8,22.8,20.5,25.7,21.0
2019,즉석국류/찌개/탕류_약간증가,15.4,16.0,16.4,13.4,17.7,11.7,20.2,15.0,15.1,17.5,12.3,15.8,14.4,16.1,16.0,16.0,13.8,11.8,16.1,14.9,14.2,17.5
2019,즉석국류/찌개/탕류_없음,19.1,12.4,11.6,29.6,31.0,24.8,47.0,15.6,17.6,23.0,23.2,19.8,17.5,12.6,15.6,18.4,26.2,35.6,20.4,17.6,19.7,19.3
2019,즉석국류/찌개/탕류_있음,80.9,87.6,88.4,70.4,69.0,75.2,53.0,84.4,82.4,77.0,76.8,80.2,82.5,87.4,84.4,81.6,73.8,64.4,79.6,82.5,80.3,80.7
2019,즉석국류/찌개/탕류_평균,2.8,2.8,2.8,2.7,2.9,2.5,2.9,2.8,2.8,2.8,2.7,2.8,2.8,2.8,2.8,2.8,2.8,2.7,2.8,2.8,2.8,2.9
2020,즉석국류/찌개/탕류_매우감소,5.9,4.4,2.2,6.4,2.5,16.8,19.7,5.8,6.0,5.6,3.6,5.3,7.4,8.4,3.8,6.2,7.0,8.8,5.8,6.5,5.4,5.8
2020,즉석국류/찌개/탕류_매우증가,3.0,4.8,0.8,3.2,0.1,0.4,0.0,2.2,6.0,3.2,1.7,3.4,2.3,8.8,3.4,1.6,1.0,0.6,1.0,3.6,4.6,1.2
2020,즉석국류/찌개/탕류_비슷,53.8,49.7,67.3,51.2,65.8,50.2,62.9,53.9,52.8,56.3,48.0,54.6,51.8,46.3,56.0,52.2,56.5,56.0,58.2,50.8,56.4,48.8
2020,즉석국류/찌개/탕류_약간감소,15.6,14.3,9.4,20.6,16.4,23.1,11.9,15.4,15.0,15.9,18.6,16.0,14.8,14.4,15.6,15.7,15.2,19.5,17.0,14.0,15.0,18.5
2020,즉석국류/찌개/탕류_약간증가,21.6,26.8,20.1,18.8,15.2,9.4,5.6,22.8,20.2,19.1,28.2,20.8,23.6,22.0,21.2,24.2,20.3,15.0,18.0,25.2,18.6,25.7
2020,즉석국류/찌개/탕류_없음,16.5,8.2,10.6,26.8,18.7,31.6,53.1,16.6,17.5,15.4,18.1,15.8,18.2,12.4,12.6,15.4,23.2,29.0,19.8,15.7,13.6,17.4
2020,즉석국류/찌개/탕류_있음,83.5,91.8,89.4,73.2,81.3,68.4,46.9,83.4,82.5,84.6,81.9,84.2,81.8,87.6,87.4,84.6,76.8,71.1,80.2,84.3,86.4,82.6
2020,즉석국류/찌개/탕류_평균,3.0,3.1,3.1,2.9,2.9,2.5,2.5,3.0,3.0,3.0,3.1,3.0,3.0,3.1,3.0,3.0,2.9,2.8,2.9,3.0,3.0,3.0
2021,즉석국류/찌개/탕류_매우감소,3.6,3.1,1.2,8.2,0.5,5.2,5.0,1.5,6.3,3.2,3.2,4.2,2.2,3.4,2.3,2.3,4.7,4.9,3.2,4.8,4.1,1.4
2021,즉석국류/찌개/탕류_매우증가,1.1,1.2,0.3,3.9,1.0,0.0,0.0,1.1,0.6,1.7,1.0,1.0,1.3,2.7,1.5,0.8,1.1,0.5,0.7,1.5,0.9,1.2
2021,즉석국류/찌개/탕류_비슷,43.9,39.7,44.1,38.2,68.9,44.8,71.0,47.5,46.5,39.0,41.8,42.0,47.9,46.2,40.3,42.3,44.8,46.7,50.6,43.0,40.8,44.5
2021,즉석국류/찌개/탕류_약간감소,16.9,16.5,6.6,29.3,13.5,19.9,17.7,15.0,17.5,16.1,18.8,18.1,14.3,11.6,16.2,14.5,18.4,20.5,18.2,17.3,15.4,17.3
2021,즉석국류/찌개/탕류_약간증가,34.6,39.6,47.8,20.4,16.1,30.1,6.3,35.0,29.1,39.9,35.1,34.8,34.2,36.2,39.8,40.1,31.0,27.4,27.4,33.5,38.9,35.6
2021,즉석국류/찌개/탕류_없음,20.0,14.6,15.6,29.7,40.2,19.9,26.0,19.3,26.8,19.4,13.1,20.5,18.9,12.5,10.5,12.5,19.5,35.0,32.5,21.3,13.5,15.6
2021,즉석국류/찌개/탕류_있음,80.0,85.4,84.4,70.3,59.8,80.1,74.0,80.7,73.2,80.6,86.9,79.5,81.1,87.5,89.5,87.5,80.5,65.0,67.5,78.7,86.5,84.4
2021,즉석국류/찌개/탕류_평균,3.13,3.19,3.39,2.82,3.03,3.0,2.79,3.19,3.0,3.21,3.12,3.1,3.18,3.23,3.22,3.23,3.05,2.98,3.04,3.09,3.17,3.18
2022,즉석국류/찌개/탕류_매우감소,3.6,2.5,3.2,8.6,4.5,3.3,8.7,3.9,4.1,3.6,2.9,3.6,3.7,2.2,1.2,2.7,5.4,5.4,7.3,3.3,3.4,3.3
2022,즉석국류/찌개/탕류_매우증가,1.7,2.4,2.2,1.1,0.5,0.0,0.0,1.8,2.3,1.7,0.7,1.6,1.9,6.4,1.7,1.3,1.7,0.9,0.8,1.4,2.2,1.4
2022,즉석국류/찌개/탕류_비슷,53.2,52.7,63.3,40.7,65.3,47.9,64.9,57.8,52.4,50.8,52.7,52.2,55.4,47.1,56.8,51.4,48.8,57.8,61.8,52.4,54.5,48.8
2022,즉석국류/찌개/탕류_약간감소,12.8,9.9,10.0,19.9,13.6,21.4,7.9,8.6,13.3,14.1,14.9,12.8,12.9,10.9,8.7,15.3,14.7,12.7,9.3,12.7,13.4,13.5
2022,즉석국류/찌개/탕류_약간증가,28.6,32.5,21.2,29.6,16.1,27.4,18.5,28.0,27.9,29.8,28.8,29.8,26.2,33.4,31.6,29.3,29.4,23.0,20.8,30.1,26.4,33.0
2022,즉석국류/찌개/탕류_없음,14.6,8.5,13.2,21.8,37.0,16.2,14.1,14.9,19.9,10.4,11.0,15.5,12.6,1.8,6.5,6.0,15.1,28.8,36.7,14.2,10.1,12.3
2022,즉석국류/찌개/탕류_있음,85.4,91.5,86.8,78.2,63.0,83.8,85.9,85.1,80.1,89.6,89.0,84.5,87.4,98.2,93.5,94.0,84.9,71.2,63.3,85.8,89.9,87.7
2022,즉석국류/찌개/탕류_평균,3.12,3.22,3.09,2.95,2.95,3.0,2.93,3.15,3.11,3.12,3.1,3.13,3.1,3.31,3.24,3.11,3.07,3.01,2.99,3.14,3.11,3.16
2018,소스/양념류_매우감소,8.5,7.2,14.0,7.4,9.8,9.8,8.0,7.0,7.8,8.4,13.6,9.8,5.4,3.5,5.3,5.4,12.4,14.1,11.1,7.4,10.0,5.2
2018,소스/양념류_매우증가,0.4,0.0,0.0,1.8,0.0,1.4,0.4,0.4,0.4,0.6,0.2,0.5,0.2,0.0,1.0,0.4,0.1,0.2,0.4,0.6,0.2,0.0
2018,소스/양념류_비슷,58.4,60.6,53.0,57.1,63.3,51.4,67.4,62.6,59.8,59.5,53.5,55.4,65.6,64.1,58.7,57.3,57.2,58.6,60.4,59.8,55.0,62.8
2018,소스/양념류_약간감소,17.5,16.5,21.0,17.5,21.1,17.5,12.4,18.6,17.9,14.2,20.8,17.5,17.4,18.0,15.6,17.8,18.2,18.1,19.8,17.6,16.7,17.8
2018,소스/양념류_약간증가,15.2,15.6,11.9,16.2,5.7,19.8,11.8,11.5,14.0,17.2,12.0,16.8,11.4,14.4,19.3,19.2,12.2,8.9,8.2,14.7,18.0,14.2
2018,소스/양념류_없음,28.0,18.6,37.6,42.8,48.6,26.0,34.2,27.5,37.4,25.1,20.2,29.0,25.6,15.0,14.3,21.6,30.0,47.3,44.4,29.4,23.0,16.5
2018,소스/양념류_있음,71.9,81.4,62.4,57.2,51.4,73.9,65.8,72.5,62.6,74.9,79.8,71.0,74.4,85.0,85.7,78.4,70.0,52.7,55.6,70.6,76.9,83.4
2018,소스/양념류_평균,2.8,2.8,2.6,2.9,2.6,2.9,2.8,2.8,2.8,2.9,2.7,2.8,2.8,2.9,3.0,2.9,2.7,2.6,2.7,2.8,2.8,2.9
2019,소스/양념류_매우감소,7.9,5.3,8.2,11.0,5.6,18.4,5.0,8.0,8.6,7.0,12.1,7.2,9.7,8.6,6.4,8.0,9.1,12.2,9.0,8.5,8.6,5.4
2019,소스/양념류_매우증가,0.2,0.0,0.2,0.4,1.4,0.0,0.7,0.4,0.0,0.3,1.6,0.2,0.3,0.4,0.2,0.2,0.0,0.0,0.2,0.4,0.2,0.0
2019,소스/양념류_비슷,58.0,59.1,54.4,52.8,65.6,56.2,52.0,59.6,55.7,57.8,53.0,57.6,59.0,55.8,59.9,59.4,53.4,58.4,55.0,59.0,57.1,60.2
2019,소스/양념류_약간감소,21.6,24.0,26.4,19.6,12.7,15.8,17.0,19.5,25.4,22.2,22.9,22.4,19.6,18.8,20.9,20.8,26.0,23.5,23.6,17.4,24.3,22.5
2019,소스/양념류_약간증가,12.3,11.6,10.7,16.4,14.8,9.4,25.2,12.6,10.3,12.6,10.2,12.6,11.6,16.4,12.6,11.4,11.4,6.0,12.1,14.8,9.8,11.8
2019,소스/양념류_없음,17.8,11.4,8.7,29.6,23.7,28.7,39.1,18.6,19.0,18.0,16.6,17.9,17.7,10.4,17.0,15.9,21.9,36.0,20.8,18.7,16.0,16.0
2019,소스/양념류_있음,82.2,88.6,91.3,70.4,76.4,71.3,60.9,81.4,81.1,81.9,83.4,82.1,82.3,89.6,83.0,84.1,78.1,64.0,79.2,81.3,84.0,84.0
2019,소스/양념류_평균,2.8,2.8,2.7,2.8,2.9,2.6,3.0,2.8,2.7,2.8,2.6,2.8,2.7,2.8,2.8,2.8,2.7,2.6,2.7,2.8,2.7,2.8
2020,소스/양념류_매우감소,5.0,4.4,0.8,6.6,1.5,11.5,15.8,6.3,5.0,3.4,2.6,3.9,7.6,7.0,2.8,5.9,5.7,8.0,5.4,5.0,4.8,4.6
2020,소스/양념류_매우증가,0.9,0.9,2.2,1.8,0.2,0.0,0.0,0.8,1.5,0.4,2.7,1.0,0.8,0.8,1.4,0.8,0.4,0.6,0.4,0.7,1.1,1.3
2020,소스/양념류_비슷,58.8,56.0,65.4,50.8,74.2,57.3,71.4,58.0,56.5,60.8,57.7,59.9,56.2,53.4,61.2,58.2,58.6,59.5,59.6,57.7,59.8,59.2
2020,소스/양념류_약간감소,17.6,17.2,12.9,22.2,16.4,21.6,12.0,16.8,18.8,18.8,18.4,17.8,17.2,18.0,15.4,17.8,20.1,22.8,19.0,19.0,16.1,17.5
2020,소스/양념류_약간증가,17.6,21.4,18.8,18.6,7.7,9.6,0.8,18.2,18.1,16.4,18.6,17.4,18.4,20.8,19.2,17.2,15.2,9.1,15.6,17.4,18.2,17.4
2020,소스/양념류_없음,15.3,7.8,14.6,23.9,17.3,26.2,49.4,17.6,15.6,13.4,12.7,15.2,15.4,11.5,10.9,12.4,24.3,30.1,19.4,15.4,10.5,16.4
2020,소스/양념류_있음,84.7,92.2,85.4,76.1,82.7,73.8,50.6,82.4,84.4,86.6,87.3,84.8,84.6,88.4,89.1,87.6,75.7,69.9,80.6,84.6,89.5,83.6
2020,소스/양념류_평균,2.9,3.0,3.1,2.9,2.9,2.6,2.6,2.9,2.9,2.9,3.0,2.9,2.9,2.9,3.0,2.9,2.8,2.7,2.9,2.9,3.0,2.9
2021,소스/양념류_매우감소,4.8,5.1,2.0,7.4,1.6,5.1,8.1,6.3,5.2,4.4,3.4,4.7,4.9,2.2,3.2,3.7,4.2,9.1,7.0,6.3,3.2,3.2
2021,소스/양념류_매우증가,1.4,2.0,0.7,2.7,0.5,0.0,0.0,2.0,0.4,0.4,2.7,1.1,2.1,4.6,0.6,1.9,1.2,0.5,2.4,0.9,1.5,1.4
2021,소스/양념류_비슷,51.5,46.1,53.3,48.9,73.6,54.0,67.3,46.8,58.4,49.3,51.0,53.3,47.3,45.3,50.6,49.9,51.7,56.0,48.1,52.3,54.2,48.9
2021,소스/양념류_약간감소,18.4,19.4,12.2,18.5,11.0,23.3,19.7,18.0,19.6,18.4,17.6,18.0,19.4,18.7,17.8,15.1,20.3,20.2,20.4,18.4,15.7,20.6
2021,소스/양념류_약간증가,23.9,27.4,31.8,22.5,13.3,17.6,4.9,27.0,16.4,27.5,25.3,22.9,26.3,29.2,27.8,29.3,22.5,14.2,22.1,22.1,25.4,25.8
2021,소스/양념류_없음,16.8,14.3,17.1,24.2,26.3,13.2,15.5,18.6,24.8,14.3,7.3,15.8,18.8,11.0,8.0,9.4,14.4,32.3,31.2,16.9,11.1,11.0
2021,소스/양념류_있음,83.2,85.7,82.9,75.8,73.7,86.8,84.5,81.4,75.2,85.7,92.7,84.2,81.2,89.0,92.0,90.6,85.6,67.7,68.8,83.1,88.9,89.0
2021,소스/양념류_평균,2.99,3.02,3.17,2.94,3.0,2.84,2.69,3.0,2.87,3.01,3.06,2.98,3.01,3.15,3.05,3.11,2.96,2.77,2.92,2.93,3.06,3.02
2022,소스/양념류_매우감소,6.3,6.0,2.4,12.6,5.2,6.4,5.1,8.4,6.0,6.7,4.3,5.6,7.8,6.7,5.9,6.2,7.7,5.2,3.8,8.1,5.2,5.9
2022,소스/양념류_매우증가,0.7,1.0,0.0,1.8,0.0,0.0,0.0,0.3,1.1,0.7,0.4,0.7,0.6,1.0,0.0,1.0,0.9,0.7,0.9,0.2,1.2,0.5
2022,소스/양념류_비슷,58.3,53.0,67.4,45.7,82.1,62.5,70.8,60.2,57.2,58.3,57.9,58.9,57.1,61.7,58.7,54.8,55.3,63.3,73.2,55.6,58.1,57.7
2022,소스/양념류_약간감소,19.2,21.3,15.9,20.7,8.0,21.0,12.2,14.6,19.5,18.2,23.9,18.4,20.8,11.0,18.3,22.0,21.7,16.5,10.9,19.0,20.1,21.3
2022,소스/양념류_약간증가,15.6,18.7,14.4,19.2,4.7,10.2,11.9,16.4,16.2,15.9,13.5,16.4,13.8,19.6,17.1,16.0,14.4,14.2,11.2,17.1,15.4,14.7
2022,소스/양념류_없음,11.6,10.6,9.2,9.5,22.7,10.1,14.5,14.1,14.0,9.1,8.1,11.5,11.6,9.5,8.0,7.7,10.0,18.9,27.5,11.4,9.0,8.5
2022,소스/양념류_있음,88.4,89.4,90.8,90.5,77.3,89.9,85.5,85.9,86.0,90.9,91.9,88.5,88.4,90.5,92.0,92.3,90.0,81.1,72.5,88.6,91.0,91.5
2022,소스/양념류_평균,2.85,2.87,2.94,2.77,2.86,2.76,2.89,2.86,2.87,2.86,2.82,2.88,2.79,2.97,2.87,2.84,2.79,2.89,2.95,2.82,2.87,2.83
2018,신선편의채소_매우감소,6.0,2.8,6.8,4.0,6.7,15.3,14.3,6.4,6.7,4.1,19.6,6.3,5.3,8.0,5.3,4.4,6.7,7.2,10.6,6.0,5.4,4.2
2018,신선편의채소_매우증가,0.5,0.2,0.0,1.2,0.0,1.7,0.0,0.6,0.1,0.6,0.3,0.5,0.5,0.0,0.8,0.8,0.4,0.2,0.8,0.4,0.6,0.0
2018,신선편의채소_비슷,59.9,63.9,61.0,59.2,60.3,46.5,60.5,64.4,57.8,61.4,53.2,58.0,64.5,65.2,60.1,63.3,54.8,59.6,61.2,60.4,58.0,63.3
2018,신선편의채소_약간감소,15.2,11.8,19.7,21.0,16.9,20.3,5.3,14.8,15.9,14.9,10.6,15.8,13.9,15.3,14.0,13.7,17.3,15.8,15.2,17.2,13.9,12.2
2018,신선편의채소_약간증가,18.4,21.3,12.5,14.5,16.1,16.2,19.8,13.7,19.5,18.9,16.3,19.4,15.8,11.6,19.8,17.8,20.9,17.2,12.3,16.0,22.1,20.3
2018,신선편의채소_없음,21.3,16.6,23.1,32.0,35.6,15.2,37.9,24.4,25.8,17.6,15.6,21.3,21.5,15.9,14.1,16.8,22.3,32.3,38.7,21.0,16.9,13.1
2018,신선편의채소_있음,78.7,83.4,76.9,68.0,64.4,84.8,62.1,75.6,74.2,82.4,84.4,78.7,78.5,84.1,85.9,83.2,77.7,67.7,61.3,79.0,83.1,86.9
2018,신선편의채소_평균,2.92,3.04,2.79,2.88,2.86,2.68,2.86,2.87,2.9,2.97,2.7,2.92,2.92,2.8,2.97,2.97,2.91,2.87,2.78,2.9,3.0,3.0
2019,신선편의채소_매우감소,9.9,5.3,14.4,15.9,2.8,24.0,10.8,11.5,11.6,9.1,9.2,9.6,10.6,11.9,9.5,10.1,9.0,8.5,10.2,14.6,8.2,4.9
2019,신선편의채소_매우증가,0.3,0.0,2.5,0.1,0.0,0.0,0.7,0.1,0.8,0.3,0.0,0.4,0.1,0.0,0.4,0.4,0.0,0.3,0.3,0.6,0.4,0.0
2019,신선편의채소_비슷,56.4,59.5,42.6,50.3,75.4,41.6,74.1,56.2,55.5,55.7,59.2,55.9,57.6,53.6,53.7,58.3,59.7,62.1,59.3,51.9,56.4,58.8
2019,신선편의채소_약간감소,17.1,12.9,25.5,25.7,11.0,27.0,6.8,16.1,17.7,17.0,19.4,16.9,17.3,21.0,15.8,16.4,16.4,20.9,16.7,16.2,20.2,15.0
2019,신선편의채소_약간증가,16.4,22.2,15.0,8.0,10.8,7.3,7.6,16.0,14.4,18.0,12.3,17.2,14.4,13.5,20.6,14.6,14.8,8.2,13.5,16.8,14.8,21.4
2019,신선편의채소_없음,15.3,9.5,21.0,26.4,16.0,21.8,11.8,16.9,14.2,12.7,20.0,15.0,15.9,9.5,13.4,14.1,20.0,30.4,16.9,15.4,13.0,16.3
2019,신선편의채소_있음,84.7,90.5,79.0,73.6,84.0,78.2,88.2,83.1,85.8,87.3,80.0,85.0,84.1,90.5,86.6,85.9,80.0,69.6,83.1,84.6,87.0,83.7
2019,신선편의채소_평균,2.8,2.99,2.66,2.51,2.94,2.32,2.81,2.77,2.75,2.83,2.7,2.82,2.76,2.69,2.87,2.79,2.8,2.71,2.77,2.7,2.8,2.97
2020,신선편의채소_매우감소,5.5,4.6,0.3,7.8,1.5,14.0,7.3,7.7,4.8,2.4,3.1,4.1,8.5,8.3,3.2,4.9,7.7,8.6,7.7,6.0,3.2,5.0
2020,신선편의채소_매우증가,0.2,0.0,0.0,1.7,0.0,0.0,1.4,0.0,0.4,0.3,0.1,0.3,0.0,0.7,0.0,0.3,0.1,0.5,0.0,0.0,0.4,0.1
2020,신선편의채소_비슷,59.6,55.9,73.3,52.7,72.4,55.1,75.8,60.2,55.9,65.0,60.8,60.5,57.4,53.3,62.9,59.9,58.0,56.9,62.0,61.4,60.6,57.3
2020,신선편의채소_약간감소,16.4,15.8,10.1,21.5,11.8,25.3,7.8,15.1,17.3,15.3,13.3,17.0,15.2,15.3,14.7,17.5,18.2,19.9,15.0,15.8,15.8,17.4
2020,신선편의채소_약간증가,18.3,23.7,16.3,16.3,14.3,5.6,7.7,16.9,21.6,17.0,22.7,18.1,18.9,22.5,19.2,17.4,15.9,14.1,15.2,16.8,20.1,20.2
2020,신선편의채소_없음,12.8,8.7,7.6,14.4,16.2,24.6,23.7,12.5,13.9,11.9,14.4,13.1,12.3,7.4,8.1,11.2,21.6,28.2,19.7,10.9,8.2,14.6
2020,신선편의채소_있음,87.2,91.3,92.4,85.6,83.8,75.4,76.3,87.5,86.1,88.1,85.6,86.9,87.7,92.6,91.9,88.8,78.4,71.8,80.3,89.1,91.8,85.4
2020,신선편의채소_평균,2.91,2.99,3.06,2.83,3.0,2.52,2.88,2.86,2.96,2.97,3.0,2.93,2.87,2.92,2.98,2.91,2.83,2.78,2.85,2.9,3.0,2.93
2021,신선편의채소_매우감소,7.1,10.3,1.6,4.7,2.4,5.3,4.0,8.0,6.2,9.7,4.8,6.9,7.6,3.3,7.0,7.8,6.2,9.0,6.2,8.5,5.6,7.6
2021,신선편의채소_매우증가,1.1,1.3,1.8,1.9,0.6,0.0,0.0,2.2,0.8,1.2,0.5,0.8,1.8,3.2,0.8,1.6,0.4,0.7,1.2,1.6,0.8,0.8
2021,신선편의채소_비슷,51.2,44.5,58.8,46.4,69.4,58.4,69.1,51.3,53.6,49.4,50.3,52.0,49.4,52.6,47.0,49.3,53.8,53.7,53.0,49.4,53.0,50.5
2021,신선편의채소_약간감소,20.0,26.2,11.4,15.6,6.4,14.9,24.5,20.9,20.0,19.4,19.6,18.6,23.2,15.2,22.2,22.2,17.6,20.2,23.8,20.6,19.4,17.1
2021,신선편의채소_약간증가,20.6,17.8,26.4,31.4,21.0,21.4,2.4,17.6,19.6,20.3,24.8,21.6,18.2,25.6,23.0,19.0,22.0,16.4,15.8,19.9,21.4,23.9
2021,신선편의채소_없음,25.0,22.4,23.9,27.0,37.7,23.6,29.0,26.3,30.6,23.5,17.8,23.6,27.8,14.9,15.2,17.6,24.4,40.6,35.8,27.2,20.4,17.6
2021,신선편의채소_있음,75.0,77.6,76.1,73.0,62.3,76.4,71.0,73.7,69.4,76.5,82.2,76.4,72.2,85.1,84.8,82.4,75.6,59.4,64.2,72.8,79.6,82.4
2021,신선편의채소_평균,2.9,2.7,3.2,3.1,3.1,3.0,2.7,2.8,2.9,2.8,3.0,2.9,2.8,3.1,2.9,2.8,2.9,2.8,2.8,2.9,2.9,2.9
2022,신선편의채소_매우감소,8.7,10.6,7.0,7.0,3.2,7.2,13.2,9.2,7.6,10.0,8.0,8.8,8.5,9.6,7.0,7.6,9.8,10.2,8.2,9.8,7.8,8.6
2022,신선편의채소_매우증가,1.7,2.7,0.0,1.9,0.3,0.0,0.4,3.1,1.9,0.9,0.8,1.4,2.2,5.8,2.0,0.6,2.1,0.7,1.1,2.4,0.8,2.3
2022,신선편의채소_비슷,53.4,50.8,60.6,49.2,62.0,52.2,67.2,56.4,54.2,51.2,51.9,51.8,56.4,51.8,56.2,53.7,51.2,52.8,62.2,51.5,55.8,48.9
2022,신선편의채소_약간감소,19.2,21.6,15.8,22.6,7.6,18.4,12.6,12.3,18.4,23.0,22.5,20.1,17.3,11.1,18.2,24.2,18.2,18.3,12.6,18.0,19.8,22.4
2022,신선편의채소_약간증가,17.2,14.2,16.5,19.4,26.8,22.2,6.6,19.1,17.9,14.9,16.8,18.0,15.6,21.8,16.6,14.0,18.8,18.0,16.0,18.4,15.8,17.8
2022,신선편의채소_없음,27.5,26.2,27.0,24.4,36.4,24.4,48.3,27.2,32.8,24.5,23.5,30.3,21.4,14.3,16.6,22.0,25.8,43.4,50.6,29.0,22.0,22.6
2022,신선편의채소_있음,72.5,73.8,73.1,75.6,63.6,75.6,51.7,72.8,67.2,75.5,76.5,69.7,78.6,85.7,83.4,78.0,74.2,56.6,49.4,71.0,78.0,77.4
2022,신선편의채소_평균,2.8,2.8,2.9,2.9,3.1,2.9,2.7,2.9,2.9,2.7,2.8,2.8,2.9,3.0,2.9,2.8,2.8,2.8,2.9,2.9,2.8,2.8
